fffffe53
000000bd
00000ff2
00001c27
ffffe2ed
ffffe9c2
0000142f
00001c0a
00001710
fffffb35
fffff1d2
0000147b
fffff0cf
fffffa53
000008fd
00001710
000016d9
00000fd8
0000151e
00000262
000013d8
fffff55b
fffffd0a
00001206
ffffe886
fffffd17
00001dce
ffffe920
fffff8b4
fffff9f1
0000193d
ffffed77
ffffe1fd
00000fa5
ffffe4a0
fffff246
ffffffe3
ffffff13
ffffe80f
00001e0b
ffffe681
00000e0c
fffff312
00000293
00001a8e
fffff20e
00000e1e
ffffeaca
fffffb11
00000101
fffff30f
ffffe7fd
fffffb49
000007b7
fffffd39
0000114a
00001a14
00001a14
fffffb75
ffffe339
00000da8
000001c9
00001741
00001a14
00000783
00000235
00000438
00000582
fffffb8b
00000173
000004c1
fffffc40
fffffd92
0000054f
00000146
00000025
000002b6
0000002b
00000783
00000783
000000b4
000004fe
fffff944
000002dd
0000040d
0000047c
000005d5
fffffb2e
000000dd
000004b9
fffffdc7
fffffb2d
ffffffad
fffff976
fffffb9f
0000058c
00000550
000005e2
fffffd0a
ffffff8f
000001d5
fffffc78
0000068d
fffff84c
00000548
00000246
fffffc25
0000036f
fffffea4
0000053e
000007c8
fffffc97
00000773
0000022d
00000562
000004c4
00000773
0000073e
0000062b
fffffa8a
fffff8d8
ffffffb8
fffffd94
0000062a
000004a3
fffffeca
0000012e
00000773
ffffffd6
000002b5
ffffff44
0000068c
0000070a
0000051b
ffffff71
00000606
fffff955
00000281
fffffc60
fffffc06
000002cd
00000432
00000611
fffffb7e
00000515
fffff92a
0000043f
00000515
ffffff62
fffffac2
fffffa76
fffffe0c
00000404
fffffd22
fffff8ad
000002fd
000003d0
fffffafa
000000f1
00000515
0000021a
fffffc49
000000d9
fffffec4
000001b7
fffff9d7
fffffde0
00000214
0000042d
fffffe21
fffff891
00000385
00000012
00000267
fffffaad
fffffeec
000007c0
00000210
fffff980
000004d9
fffffc60
fffffd87
00000746
000000ae
000005da
fffffb41
00000408
000007c0
fffff964
fffffbfc
fffffa7b
000007c0
00000637
fffffc37
00000694
0000041c
fffffae1
00000317
00000446
fffffa32
fffffa36
fffffe10
fffff942
fffffec3
ffffffaf
00000293
00000120
ffffff4f
ffffff4c
0000054e
0000031a
00000389
0000011e
fffffde4
fffffc96
ffffff31
0000011f
fffffdee
fffffa79
fffff9e6
fffff8df
fffffb5c
fffffe8e
fffffc9f
00000359
fffffd14
0000068b
00000132
fffffa57
0000075e
000005f6
0000044a
fffffaa6
0000048c
00000321
0000040d
00000353
00000183
fffffd85
00000686
fffffdc8
00000001
000000f3
fffff964
fffff993
ffffffd1
000000f7
fffffb83
fffffc4e
fffffa42
00000681
00000018
fffffc7a
00000474
0000072c
fffffccc
00000754
00000066
0000066a
fffffa84
fffff98f
00000743
ffffffd8
fffffe76
00000398
fffffccc
00000224
0000056b
000004bd
fffffa21
00000754
00000754
0000069b
fffffe51
000006e5
fffffbcf
fffff9a6
00000554
0000014e
fffffe48
0000076e
0000076a
fffff85d
000001f5
000004cf
00000306
00000194
00000056
fffffa6b
fffffe5e
00000310
000006e3
0000073b
fffffb54
fffff8a7
000007a0
000002ad
00000409
000004e8
fffffdcf
000005b8
00000236
0000023e
fffffe23
00000357
0000000f
fffff883
fffff872
fffffb32
ffffffe6
0000018f
0000075e
0000045c
fffffca5
00000037
000003e0
00000603
ffffff1b
00000360
fffffb75
ffffe457
ffff8ec1
000043b9
ffffd1f2
fffff1ab
000074f5
ffffe58e
ffffc840
ffffc18b
000051ce
ffffbd19
000018c4
ffffc269
000047ba
0000330f
00001e8b
ffffee86
ffffdfd1
00006962
00003d1f
ffffe6a8
ffff9105
ffffa8f9
fffff388
fffff6af
ffffe1f7
00007178
fffffaa0
000044d5
ffffa8b9
ffffe2a1
ffffbef6
00006c7b
ffffe5b2
00002b95
0000445b
00000e0a
000018a4
ffffcfd4
000054ac
ffffb616
00003675
ffff9fac
000017dd
ffffc5ac
ffffce38
ffffdb91
00004245
000043f3
ffffc5b4
0000090f
ffff9c70
00005b85
00006c7b
ffffdfdd
00000960
000008bf
00004031
ffff9b25
000006d9
00005080
00001a26
00000d2e
00006c7b
ffffdcee
000028f1
fffff6f2
00001089
000014e1
ffffaff9
ffff8e09
000069f1
000048a2
ffffaefd
000027e2
0000026a
000037b5
ffffac90
00002f30
000032f2
000074b0
ffffcb92
ffffefb8
ffffaa40
ffff8e5a
ffff9597
fffff403
ffffb3ca
000038d5
ffffb7c3
00001d85
000008aa
ffffd83f
fffff486
000074f1
00006b2d
000066d5
00004580
ffffdbb4
00002837
0000235b
000050dd
ffffe42e
000066d5
000058f0
ffff901d
ffffa227
ffffa67e
00002241
ffffdf3f
ffffaecb
ffffa0bf
0000615f
00001753
ffff92af
ffffc7d5
000024c2
ffffc8c4
00003de2
ffffce63
00001ef5
ffffa1b6
000048c5
00003878
00000939
00002350
ffff99b9
000066d5
ffff9183
ffffef77
000033f1
00002b68
ffffb3d7
ffffaf74
ffffc569
ffffe533
ffffab09
ffff8f76
ffffdfd9
ffff9dff
ffffb93b
ffffbd8b
ffffe487
ffffebff
ffff9709
fffff762
00005f89
00005a1f
ffffab8d
ffffd507
0000248b
ffff8fd7
0000114d
00004c75
00004357
ffff994e
ffffcb10
ffffa09b
00000089
00006c8e
00003b4f
ffffd9ff
00006ff0
ffffa9ca
ffffaacc
ffffe573
fffff6e0
ffffda4f
fffff90e
000057c2
fffff7d3
ffffecf5
00002029
ffff9e0a
00005c0f
00006408
ffff8faf
00001caa
00007412
ffffa62a
ffffae5b
ffffa556
00006263
fffff803
00006b29
ffffa065
00002bdd
00001ee1
000008b4
00001b47
ffffa878
ffff9254
00005d95
00004337
fffff6e3
00006156
ffff9297
000027ea
00000320
00002d33
0000568d
ffffb130
00004171
ffff9069
fffff692
ffff9a2d
ffffc43f
00006cdb
ffffea39
00002227
00006a4d
000068be
ffff9fce
ffffdcb3
000073db
00003bd1
ffffed63
ffff9a23
000022b4
ffffb1c4
00005f4c
ffffcbc4
fffff37a
00000bcb
00006dc8
ffffffc3
ffffd9f6
ffffee4b
0000451b
000011be
fffff783
00006d5f
ffffc654
fffff62c
00006b86
00004f18
0000119c
ffff97e8
00000d76
ffffe52f
00006dc8
00000e2d
00001176
00001c33
ffffea7b
ffffc569
000002b9
ffffe865
00004d5a
000068c4
fffff817
000022e3
ffffb86d
000013e9
ffffaed5
00006dc8
00005548
ffffbc5b
000060fd
ffffab1d
00002819
00007160
ffffa4c3
ffff8b74
ffffcd44
ffffe08e
fffffcd2
ffff9881
ffff9b03
000020d0
ffff9fd4
ffff95b7
ffffe492
ffff9ad8
ffffad4e
ffff9d8c
fffffc78
ffffca83
00004da9
000011e5
ffffd8d7
00004796
ffffb988
ffffc96f
ffffab89
ffffcd2e
ffffeacc
00004c0c
000050e9
ffffa888
0000357e
000047cc
ffffdd60
00004da3
000047c9
ffffb47d
ffffb0ba
00001dc0
ffffecf8
ffffb8ec
00006f51
ffffc3e1
ffffb331
fffffe98
ffffe057
00000535
ffffd68b
fffffb16
fffff7b2
000009a4
00006008
ffffbcc5
ffffec8d
0000414a
00005fb8
ffffcbee
0000694c
000060b8
ffffcc06
0000038d
ffffbed8
ffffb3af
fffff823
fffffc88
0000344d
ffffe301
fffffdfa
00001cd9
0000390a
ffffffa3
ffffb5b5
ffff9379
0000004f
00004e11
0000112e
ffff96ec
ffffa2f8
00004cc7
ffffd3a2
0000494c
ffffb1b4
0000635e
ffffb3a3
00002688
fffff39d
ffffb075
ffffd979
fffff263
ffffbfe3
fffff1cd
ffffa75e
00001f03
fffff48e
0000292c
0000658b
ffffba9a
ffffaf49
ffffdda1
00006b33
00000a26
ffff9a4c
ffffef0b
00006f16
ffffa787
ffffc135
00006d2d
ffff96d6
00002cd5
000007cc
00004e0e
0000616a
ffffde97
ffffd137
00006845
0000187c
0000493a
ffff914e
00007062
fffff033
ffffb913
00002311
fffffaa6
00003727
ffffe53e
000061e7
ffffc575
00001f46
ffffa25c
ffffb09f
fffffa84
ffff9940
000020b0
000012bb
ffffe4d0
00003aa3
0000723e
00006312
ffffe9f7
0000181e
ffffd114
ffff9f6b
00004991
ffffe928
fffff831
ffffeb3e
ffffcad9
00002f99
ffffcdf5
ffff8fc0
000068cd
000030cf
00006c38
00004dda
00002246
000072e4
ffffcc26
00002bb3
ffffbd9e
000071ba
ffffd64d
00006fe8
000009c8
ffffb5b8
ffffe8d4
ffffa98c
ffffdd15
00000c35
00006f20
00006da3
ffffb2b4
000028b9
00001aaa
ffffe2d3
ffff93d8
00000c09
ffffa04e
00004a10
ffffbc07
000040de
0000733d
fffffe1f
00003511
ffffeacb
00005642
00002e2c
ffff9669
ffffe3e4
00002a86
00006e93
ffffec69
00000716
000030cf
ffffce29
ffffd313
ffffff61
00000328
fffffe05
ffffc7eb
0000328c
ffffe68c
000018a6
000007cf
000045f5
ffffafd0
ffffb020
ffffcb8b
00006e93
ffffed58
ffff9180
fffff99c
ffffcbdd
00004650
ffff8fb0
00002181
ffff9391
00000ea5
0000464d
000056b0
ffffa6af
00006e93
ffff90ae
ffffe717
fffff634
ffffaaf7
00004f89
00000d1e
0000444e
00001142
00000940
ffffa9a7
ffffe67e
000032a3
ffffc468
00000d40
000021ca
ffffedfe
00007464
000061d8
00001c4f
0000536a
0000450a
ffffbe9a
ffffc393
ffffb1da
ffffa4dd
00006164
ffffe8c4
ffffafab
ffffcf50
00003c48
ffffde60
ffffd40f
ffffed6e
00000c97
ffffdd1a
000063d5
00002dd4
ffff8b4b
0000495a
ffffb0d9
00000904
0000339c
ffffc431
ffffe743
00005ede
ffffce44
ffffa683
00006c7d
ffffe6bd
ffffc8b1
00006470
00003232
000032ae
00006ccd
ffff9cf0
00003d95
000017e6
00003114
000013e5
00003450
00003492
00004789
ffffda79
ffffca60
ffffd9c2
000046fd
000030ae
00005afd
00001e1b
00005f1e
ffffefbe
00005ea9
00002b8f
ffffa1b2
ffffd1e7
ffffe308
00003957
fffff5c7
ffffded3
00005bcd
00006d40
ffffed13
ffffc38a
ffffc8e6
ffffc735
ffff8f77
00001014
ffffce7d
00001d9c
000041cb
ffffd05a
ffff8f8a
00001220
ffffb17b
00001d3d
ffffd3b2
000029ba
ffffdfe6
ffffebf4
000059ae
0000107f
ffffbb70
ffffa430
00000e72
00004ba3
0000411d
ffff96cc
000064b0
00002f6c
00005788
00007237
ffffaa93
ffff9610
00004464
00006e0d
00002918
00005312
ffffeda0
00005d22
ffff90ce
ffffa1e7
ffffb22e
ffffd115
00003a77
ffffd34f
ffff9e80
00006293
ffffd416
00002deb
000039ae
00001c09
ffffdef7
00002163
ffff9f3f
ffffdf97
ffffe1a2
000054f3
ffffd769
ffffb2a8
000032dd
fffffa70
ffffd5d7
000050a7
00002d60
ffffd24b
0000090b
00006b26
00005adf
00004a8d
000036b1
00001bf1
ffffea6b
ffffb556
fffffc76
ffffeda7
fffff94b
ffffb69b
0000571e
ffffb2c1
ffffab2a
ffffa684
0000082e
ffffc195
fffff10d
ffffa9b0
000016f9
0000265b
ffffffba
ffffc026
ffffebc5
00005306
00002bc8
ffff97ec
ffffd7ff
00001b96
0000190e
ffff9117
00003591
ffff9a8d
ffffa96e
000028d1
ffffd753
000029c5
0000683a
ffffd61d
00006d39
0000140d
00007367
000042db
ffff94c7
ffffd900
00004c86
0000512a
00005e34
ffff8ce2
00003260
ffffc50d
00002929
000046fa
00003378
00005809
0000118d
fffff12d
00004399
ffffbde9
00000073
00006ed1
ffffbfc4
00002cb2
ffffa0ec
0000727e
00005faf
00000f02
00003bbc
00001080
ffffb45a
ffffef43
00004b93
ffffc9e4
ffffd134
000039b5
00001fcb
ffffea58
ffffde49
ffffda11
ffffb3f8
ffffce60
ffff9b71
ffffcb9e
ffff9c42
00001073
ffff9b01
ffff8bca
ffff9fe3
ffffb0a2
00004e49
00002c59
0000042c
ffffdd56
ffffa8f3
00000640
000005db
0000024a
000009fd
00000936
ffffff33
ffffa22a
ffffbb35
ffff9dc3
fffff09f
00001555
000056eb
ffffe8fd
ffffe4c0
00006f2d
000000ef
00001f7d
ffffc160
00004d34
000034da
ffffad54
fffffc36
000009c7
0000435a
ffffebdf
ffffdf1c
0000147d
000009ed
00000dfa
ffffe121
ffffb9da
000055d0
000058ea
00006139
ffff9b3b
00001ee5
ffffd648
000070bd
00002207
00003663
00001bf4
00004d71
ffffbcb2
00005c83
ffffe3bf
ffffca8a
ffffe7d9
00007210
0000520a
ffffff58
ffffb63b
ffffb513
000068c5
00004b58
000037f0
ffffd9c5
ffff9365
00002c60
000053e9
ffffbdfd
ffffa3d4
ffffdd29
ffffc634
ffffe4de
ffffe937
ffffc245
00006eb5
ffff9307
000034c7
00003f54
ffffef7c
0000698d
000073d8
ffffbfd6
ffffb971
ffffb0ef
ffffa37b
ffffdc48
ffffbe71
ffff9e35
000068e0
ffffe131
ffffcbcf
00000ea4
00000496
00005f1e
00000224
000054be
ffff9f26
000062d4
ffffe9dd
000065f7
ffffa6bd
0000150d
00000c61
0000008a
ffffc432
ffff93a0
ffffaadf
ffffa2d2
0000166d
0000059b
ffffeac0
00005370
ffffe2fc
fffff036
ffff97b2
ffff8baf
000068e0
ffffbc92
ffffb551
000068e0
00000b3f
ffffb996
0000134e
ffffcdbc
ffffd7ad
0000199d
00006580
00004ed8
ffff8e98
ffffbe1d
00005c58
00001750
ffffce1f
00000704
00006f92
fffff313
ffff918e
000012d9
00004909
0000499f
00002ff2
ffffbdc9
fffffba7
ffffff5a
00003593
ffffa1c3
ffffa209
0000031a
ffff9b1f
00004434
fffffb1a
000074d9
00005ae6
ffffd054
ffffc538
000012a2
00001f10
ffffe1f1
00004b8e
ffffa63c
000027c4
000005bd
00006654
0000461c
00004fde
00005bab
ffff90ab
0000700e
ffffa4ef
ffffe0ff
ffffc680
ffffc5cb
ffffa1f9
ffffa4c9
ffffcaa4
fffff10d
ffffc433
000047f5
ffff907a
ffffc1ce
00006e97
000051ed
000059f3
000031a0
00004688
00001ee1
00005a3a
00004aed
00005d13
00006574
ffff8c08
ffffb0d4
00000fac
00004b78
00005669
000040a6
000059c8
ffffc3ef
00004d29
ffffcfda
ffff95e1
00006b21
00000f9a
ffffdfa8
ffffe2f6
ffffce8a
00003865
00003390
ffffe0e7
ffffa9f6
ffffd636
fffffc0e
0000476f
ffffdebf
fffffe95
00000a4f
ffffef36
000020d6
000038be
fffff027
ffffdf6b
00005aaf
00003b20
00004eac
000034ea
00006591
00005798
fffff352
00006682
000035ed
00003fc1
ffffefc1
ffffe814
ffffcc26
ffff9c36
00002399
00006819
00006887
ffffe93c
00004752
00002c4b
ffffcda8
000017f0
ffffc046
00006032
00003faa
00002551
00003013
fffff63b
ffffad1d
00006235
000054c4
00001447
fffff035
ffffbaf9
ffffcae0
00006557
ffffdb42
ffffb5b7
000073aa
00005a31
00006ae1
00000d4e
ffff9e70
000062bb
ffffd4af
0000434a
00003376
0000718d
ffff9317
00006be9
ffff933b
ffffaf0c
ffff9555
ffffbefe
0000565a
00006b65
ffffd907
00002ba1
ffffd584
00006c29
ffffd579
ffffab57
000037e1
00001106
ffffe160
00005bd9
ffffd08b
ffff94c9
ffffe591
00000177
ffffb232
ffffbfb4
ffff9c64
00006c29
00005700
fffffc8a
00005656
00005d2c
fffff6d1
00004d7c
00002c26
00003b7e
000054fe
ffffc875
ffffe663
00000a3b
000031a4
000026b8
00003bb7
000035bf
00006c29
001d8b9c
000f4767
00008578
000c8d43
ffe8a2a6
ffecca4d
0009636e
0013f12f
0013f1e4
fff5ca9e
0000a1da
fff64067
ffef29eb
ffe83b2f
0013f1e4
0013f1e4
001c7efa
0002a63c
00056687
00079a9d
ffe975b1
00050054
00091570
ffe5db02
0016e1be
000f64db
fff6bf78
ffea23f4
0015a7ea
0005cd93
000fdde7
0016e1be
fffffb14
00193b9b
ffed6382
001ccda8
ffea0e13
000ceaf2
00069a27
0016b50f
ffed63cd
000a11a1
fff244cb
001a0281
fff2e95a
ffe43664
fff14d38
001394e2
ffe9b56e
001260e4
000a3f1e
0008b14e
fff66c02
001267a2
ffed392b
fff9f50b
fff9d51a
0019e5a5
00003cf0
ffe5d486
ffef6e84
ffeb0422
0008376c
001cdc01
00001aa9
ffffe9ed
ffffe43d
00001d97
00001a2b
fffff157
ffffeafb
00001881
00000bc2
0000194c
ffffe856
ffffe23b
000004ed
ffffe15b
fffff0bb
fffff52f
00001e10
00001af2
fffff723
00001235
000019bd
fffff8ed
00001dc6
00001660
00001d1f
fffff676
000018a6
ffffeca7
fffff6e3
00001cb8
00000acd
000012fa
ffffe6e5
fffffda6
00001141
fffff144
0000175e
00001d1f
fffffeb8
fffff98d
fffffe25
ffffedeb
ffffe5ca
fffffb4a
fffff802
00000db1
ffffea89
00001d1f
00001a79
00001bde
fffff51f
00000ae9
ffffede3
ffffe4a7
ffffeec3
00001516
0000140e
00001d7e
0000160c
0000151b
00000410
ffffe15c
00000e56
fffffe51
000013c9
00000592
fffff638
0000183f
000004db
0000002c
fffff195
ffffe595
00001d73
00001c3b
ffffe2ff
ffffff22
fffffa0a
ffffe417
00001af8
0000152e
0000096f
00000f1a
00000059
00001d73
000015f1
ffffe135
fffff225
fffffbf7
00000986
fffff27c
00000487
ffffe77b
000008ae
00000eb2
00000f6d
00001d73
fffffdbd
ffffe91a
ffffeab4
00001320
00001669
0000069d
ffffe750
ffffee30
00001929
00000c40
ffffef9f
ffffe8e6
00000269
00000ad3
0000067f
000009b0
ffffee6f
ffffe118
ffffea0f
000000b8
00000e6e
00000e25
000005df
00001028
ffffe37d
00001810
00001335
00001003
00001685
00001a5f
0000024e
fffffaac
0000019e
ffffe2e2
00001a44
ffffec10
00001a56
fffff2bc
00000205
ffffe35c
ffffe221
ffffe782
ffffe7d7
0000012c
ffffe96a
fffff087
ffffef86
fffff298
00001b22
0000162a
ffffee34
000016a0
ffffe2f4
fffff7e9
ffffe7c2
00000d1a
000005a0
00001604
00000933
ffffea2f
0000181a
ffffed48
00001c1e
0000093f
fffff373
fffff158
fffff232
ffffecca
00001d4e
fffff7b8
00001849
ffffe1bf
00001793
ffffe3b4
0000173e
fffff00b
ffffed34
ffffee58
fffff570
fffff557
fffff603
ffffe896
00000237
fffffe33
fffffabc
00000bbd
ffffe82f
fffff5ee
0000101c
00001ab3
ffffe158
0000167c
00001097
fffff3e0
00001acc
ffffe32e
00001f2e
ffffefc0
fffff2f1
fffff582
00000506
000004f5
00001716
00001f2e
00001bb5
fffff37a
00001e24
fffffe08
00000f34
000007f7
fffffe08
00000b75
ffffef60
ffffee02
ffffe83c
000005f5
00001464
000002c1
000003ed
00001f2e
00000710
ffffe8a4
00000b97
00001db8
00001780
00001414
0000190b
00001478
0000156d
00001b21
fffff089
00001cca
00000fcf
fffff957
00001a85
00000fe1
00001e27
000008d9
00001ed6
000003bd
00001c87
00000b35
00001483
fffff4b6
00001e6c
fffffa30
00000b49
ffffea02
00001e6c
ffffe16f
ffffebb0
000008b3
00001419
ffffef3a
00000899
00001c81
ffffeab3
ffffecf0
fffff068
fffff482
000005c7
00001e42
0000141e
0000013d
000007b8
00001a60
00001c87
00001e6c
fffff409
ffffee3f
00001351
fffff8f2
ffffe490
000017cf
00001a3f
fffff59f
00001c7d
fffffdb1
fffff4aa
fffffecc
0000009b
fffff50c
000008ca
000011e7
00001577
ffffe42d
fffff925
ffffeede
00001780
00001451
fffff25f
00000745
00001d91
fffff7d8
ffffefc9
ffffe8e2
fffff6e6
fffffd4c
00000b06
00001e71
fffff568
000005f1
00001e40
000004c9
00000315
00001ea1
00001d0c
00001816
ffffecb7
00001f33
00001247
00001c5a
fffff9c3
00000a77
0000155a
fffff3d4
00001d1a
fffff683
fffff648
0000136c
ffffe3a1
ffffe954
ffffebaf
fffffda8
fffff89d
0000154c
00001cdd
fffffd28
0000046a
00000650
fffff9b0
ffffe6e4
00001740
fffff291
00000e4d
00001c67
00000982
000009cf
00000cb1
fffff78f
00001195
0000112d
000005b7
000011f7
ffffe3f9
0000147f
00001cd4
fffff2da
00000506
ffffefa4
0000034e
000008a8
00001980
000001b3
000007fd
0000040e
00001a42
ffffee29
ffffec6e
fffff4a9
fffff8cf
00000fc0
ffffe69f
fffff725
fffff7f9
ffffe3aa
00000cb9
00001c2d
fffff681
ffffedc1
0000096f
fffffea3
ffffe0d0
00001a4e
ffffe910
fffff097
fffff7b2
ffffeef6
0000055d
00001e5a
00000e49
00001946
fffffe87
00000203
fffff7a9
ffffe490
00000ab9
0000068a
ffffe194
ffffee20
00000cb3
00001b02
00000cd9
00000776
00001973
fffffc80
fffffba1
ffffe4aa
ffffff9b
fffff7f9
00000134
000016bf
ffffe9fe
fffff3aa
ffffeb2c
fffff4ec
fffff5a3
000006ad
00000a66
fffff082
fffff1ca
0000038e
fffff6b9
fffff2aa
ffffee72
fffffe4c
00000615
000004c4
000016fa
fffff775
ffffffcb
ffffeeb9
fffffc57
ffffe7e6
fffffd00
00000417
ffffe524
00001b56
ffffe339
ffffe1ec
ffffe566
000016da
00001114
00001ce7
00000808
000002a5
0000089e
00000ccc
fffffc4d
000002d3
000014b3
fffffdba
00000a71
fffffde6
00001066
00000b5f
00000812
ffffef68
fffff149
00000d76
ffffed8a
ffffff6f
fffffe05
00000aea
ffffe59e
00001b8d
fffffb79
ffffef57
00000cab
fffff9f3
fffffec9
ffffe40a
000001c8
000007a1
fffff5eb
00000808
000007c0
00001f36
00000478
00000650
000008af
fffff981
ffffe4d1
00001912
fffff9d4
ffffe1b6
ffffeb86
fffff3ab
00000c5b
00000fbe
00001304
ffffead7
00000227
fffff753
00000c59
fffff64a
ffffe622
ffffefef
fffffdf8
00001869
000012e3
ffffe596
ffffe21d
0000164b
fffff8b9
fffff476
000011f7
ffffedbc
00000feb
ffffff3e
ffffea83
fffffef6
000013df
00001d0b
000006f0
00000fc8
fffff074
fffffd81
fffffa65
fffff4a5
ffffea14
00001e2b
0000094c
fffff8df
fffff2ec
0000181b
ffffebbe
000009c1
00000275
00001a02
0000155c
fffff6e9
000007ec
fffffacb
ffffe274
fffff7d5
0000042a
00001470
00001f33
00001c51
ffffe6f3
00001449
00001da2
00001491
00000df8
00000e62
00001da2
00000132
ffffed21
ffffec37
00001419
ffffef9d
fffff718
00000cbc
fffff8d7
ffffed2b
fffff8bd
000003c5
000006d2
00001303
ffffefb4
0000099e
000016a0
000006dc
000010dd
00001da2
000014ba
ffffe2de
fffff7dc
ffffe3a5
fffffb09
ffffef3c
fffff3ac
0000039a
000008c0
fffffb3a
ffffe677
ffffed81
0000028f
fffff3aa
ffffe287
fffffd94
000014ba
000012af
ffffe102
000009be
ffffed4a
ffffe34e
00000088
000014ba
fffff86b
0000162d
ffffe86b
0000180e
fffffe83
0000036a
00001da2
00000ec6
fffff4d5
00000bac
00000aff
000013cd
00000037
fffff22d
0000041e
ffffef14
00000469
00000f64
0000101b
00001cb1
ffffe885
ffffef1d
00001437
0000043c
ffffeb56
000002c3
0000085d
fffff818
fffff07f
00000fa3
00001e11
ffffe8fc
ffffffa3
fffff7fc
ffffec1b
fffffbb1
ffffef97
00001c4f
ffffede7
00000b84
ffffff42
00000d2f
0000069b
00001f3c
000001f7
ffffeeec
fffffc50
00000678
fffff575
ffffe77a
ffffee80
ffffeae7
000013da
00000c42
000019ac
0000145f
ffffecd9
0000087c
00001a79
000004fc
00000996
0000122a
ffffe460
00001c83
0000154f
00001a98
ffffe64a
0000134c
000014b7
fffffbc1
ffffec54
000010a5
ffffea90
ffffef5d
00000af9
00001940
00001b2a
fffff23b
ffffe348
00001e06
000013a8
fffff39a
ffffe590
fffff141
fffff3a2
fffff5c5
0000028f
ffffff12
fffff646
ffffed43
00001d70
fffff13b
ffffe94e
00001803
000007de
00001af5
fffff20b
ffffea76
00000313
fffffc55
ffffe2a2
fffffafd
00000988
00001484
00001564
00000a06
fffff21d
fffffa40
fffff3af
0000120b
ffffec21
00000692
fffffbcb
ffffedd5
ffffe95b
0000124a
ffffe5e1
fffffdda
000008d5
0000182f
00001eda
ffffea32
fffff4f4
0000100a
0000105e
00000513
000018e8
00000299
000005d9
fffffafb
ffffe67a
00000a2e
00000625
ffffe4b4
fffffde3
0000003d
fffffffb
00001b38
fffff828
ffffed8d
00001762
ffffe950
ffffe3fb
fffffa68
ffffe5da
00000138
00000614
fffff848
ffffebd9
fffffeff
fffffc91
00000aea
00001965
0000124c
00001a60
ffffe3f9
00001d81
fffff89b
00001b2d
00000773
00000b34
ffffe20e
ffffe25a
00001c13
fffff6f2
000008cd
0000140f
ffffff10
00001e61
fffffcc5
ffffe1c5
ffffe9f4
fffffcbd
ffffe4e4
00001731
00000b4f
ffffe4aa
00001a7f
00001be7
00001245
00001597
ffffe217
00000189
ffffe32f
fffff48b
000000ca
ffffff1f
00000494
00000a3e
000006a5
0000109f
00001780
ffffed9b
000018dd
000012b9
00001e94
00000e73
fffff59a
fffff44a
fffffe08
fffffad3
00001eda
00000382
00000c85
00000aae
ffffe456
00001500
00001998
fffffacb
0000074a
ffffebc0
ffffecdb
000019ac
fffff67b
00001510
000004da
fffff9ce
0000098c
fffff36f
fffffa6b
00000450
00000f45
fffffb9b
0000020d
ffffe736
00001dac
ffffe49d
00001617
00000c34
ffffea21
ffffef73
ffffe731
ffffeff7
00001618
00001e20
000006bb
00000200
00001dc3
fffff075
00001eda
ffffe1ae
ffffe30f
00001c30
000010c9
fffff109
ffffe5f8
0000040b
000008fe
fffffc1b
000003f8
fffff27e
00000ef9
0000049c
00001bbe
ffffe0d2
ffffef88
ffffe38d
fffffee9
ffffe772
00000fb8
ffffec02
ffffed65
00000fd8
ffffe680
0000048c
ffffe960
00001ed1
00001afb
00000587
00001216
00000e5c
ffffed46
00001e7d
ffffe1be
00001927
0000089d
fffff673
fffff4de
00001c59
ffffeeff
00001995
ffffed38
00001a39
fffffe43
000018d2
fffff624
000012af
00001b83
000007f3
0000041e
00000fbf
00001902
00001ac6
00001a8a
0000160a
00001902
00001adf
ffffffe5
fffffcdd
00000534
00000002
00000224
ffffe51f
ffffe204
fffff8c4
00001be6
fffff499
ffffea31
00000f3f
00000357
000005c8
00000b6a
00000b00
000011e4
000003db
000002a3
00001c44
000008b1
fffff14d
00001471
0000104a
000008f8
fffff631
00000a6d
000013e3
00001620
000002f0
ffffe556
000000ce
00000128
00000c52
ffffe268
00001e56
ffffea36
00001201
ffffe288
00001e26
000016e3
000003f1
fffff55b
fffffe97
00000152
ffffebf8
000011f4
00000769
00000bce
ffffe953
00001aa5
00000196
ffffff5c
ffffe3a6
00000ca7
00001522
000016fc
ffffebf1
ffffe773
ffffeebd
fffffe1d
ffffe5f1
ffffe63f
00001ee5
fffff455
00000203
00001547
0000056b
fffffe06
ffffe89e
ffffeaee
fffffdd4
00001756
00001102
fffffb5d
000003a9
ffffe1fb
fffffbac
fffff18b
00001227
fffff8b1
fffff11c
ffffe263
fffffc3f
ffffe981
fffffabb
fffff348
fffff894
fffff5d9
ffffe682
fffffc19
00000548
fffff359
ffffe81e
fffff4ca
ffffe3ba
fffffda1
00001262
fffff6be
000009e1
00000f9c
00001a76
00001191
00001db6
ffffe1da
ffffe71d
ffffeae1
ffffe8a9
ffffe71d
ffffe7a9
fffff6cd
0000045c
fffff704
ffffe472
00000f94
000002d0
00000e58
0000167c
000017e6
fffffd7c
00000b6f
ffffeffd
000005f8
00000e2e
00001ee5
fffff60a
000008df
ffffee12
fffff917
00001964
fffff3cc
fffffc49
ffffe2fc
ffffe262
00001bc2
ffffee2d
00000fca
ffffea3d
fffff851
ffffe6ed
00001770
00001325
0000106e
00001a2e
fffffdd2
ffffe2e5
00001c7c
fffff099
00001886
0000114b
fffffca0
ffffe80c
fffffb70
0000138a
ffffea3b
00000481
ffffe726
00001b41
fffff713
00001d7d
ffffee29
ffffe1a1
ffffe509
fffff344
00000eb7
ffffff3e
00001cd2
000009b7
00000bb6
0000095d
00001976
fffff882
00001725
ffffe232
00000920
fffffdde
00000169
00001562
fffff71e
fffff8a2
ffffffaf
fffffe71
00001ee5
000018a9
ffffffb5
00000827
00000a12
ffffff1e
00000555
fffff62f
00000edd
000000c2
fffff5bf
ffffe4c4
ffffe0c1
000000fa
ffffee0a
fffffc88
fffff2db
ffffe500
00000351
00001278
fffff917
ffffe997
000009da
fffffecc
ffffeebf
fffffc8b
fffffe00
fffff60d
ffffe0e3
000017de
00000ba4
fffff818
000016d5
0000016b
0000166a
fffffb29
0000176a
ffffffdd
ffffed02
fffff143
00001e16
000001d0
00000335
00001a68
ffffec59
fffffa7c
ffffe670
ffffeb24
ffffe52f
00000c48
0000088f
0000118c
00000809
0000069a
000011ec
fffff962
000009e9
00001a63
00000136
000013ab
ffffeaed
0000148c
00000ea7
00000fe0
ffffe100
fffffea8
00000a04
ffffedcb
ffffeb14
000013e3
ffffeaad
ffffefce
00001961
ffffea0f
00001ab4
0000020b
00000dc4
fffff696
ffffef09
ffffe409
fffffe16
fffff00e
fffff663
00001959
ffffe819
ffffec48
ffffef8d
ffffeb5d
ffffe45f
fffffc87
00001d84
0000191d
ffffef84
ffffe691
fffff8f2
ffffe30a
fffff029
ffffed69
00000974
ffffe858
000003e8
00000725
0000109a
fffff9af
ffffe176
00001051
ffffed8a
00000f44
0000062b
00001b8d
000004c9
fffffa4a
00001447
ffffe9e8
ffffe5c8
00000bd7
fffff7f2
fffff2ec
fffff9fc
ffffe123
000000d0
000007d0
00000eaa
000013d2
ffffe745
fffff068
ffffe48a
ffffe408
fffff457
fffffc05
ffffe655
ffffef32
fffff946
000013d2
000004e6
000019fb
ffffe603
fffff1b3
fffffd7c
00001b80
00000375
000004cf
00000408
00000922
ffffe2a3
00000a2b
00001113
00001085
00000ddf
ffffe6ba
fffff350
00001a17
fffffe35
ffffe282
00000ef2
ffffed1b
000014e1
000010cb
fffff03b
00000807
000010ed
fffff4cb
fffffb43
00001ca7
00001c52
ffffe2a5
000017a5
00001ee6
fffff71f
000007af
fffff73d
00001b04
ffffff1d
0000119d
00001cca
00000cd8
ffffe9bf
fffff9fb
0000030e
0000065b
0000093b
00001d87
00000dc0
00001efb
ffffe4f1
ffffee04
00000635
00000b6c
fffffce7
ffffea66
fffff5f6
ffffe559
00001d68
00000ba3
ffffe760
000009f5
00000d0b
ffffee60
ffffed85
0000033e
00001c01
ffffe1da
00000005
ffffea8c
fffffd16
00000980
fffff048
fffff753
0000021c
ffffec1e
000016c5
00000dae
ffffe541
fffff948
000009e3
ffffe5f9
ffffe9e8
ffffe595
ffffeed1
00001bac
0000161d
00000904
ffffe544
000011f2
00000e7a
0000005f
ffffe45d
fffffa1d
00000098
ffffe7c1
000007b8
00000183
ffffe9ef
ffffe628
000012e1
ffffe5e7
ffffee90
00001170
fffffe7a
fffff674
ffffefc4
00001f0d
fffff072
fffff089
fffff122
ffffe70f
ffffe182
000017b1
000018fd
fffff29c
ffffe2d9
fffffa25
fffff469
00001c6e
00000930
ffffed51
fffff581
ffffe10e
00000613
fffff389
fffff789
0000102d
000017bf
00000db3
ffffeaaf
000014ee
ffffe1e6
ffffea2a
ffffe6fb
fffff8ed
0000017f
fffff436
000005c4
00001cc5
000014de
fffffcb4
00001c6a
000004dd
fffff9d4
ffffeb64
0000143b
ffffe3a8
fffffa12
00001809
fffff7ea
00000504
ffffe90b
00000f8e
0000170a
ffffe2e9
fffff5c1
000018aa
0000092b
0000000b
00000112
ffffe12b
00001f0d
fffff9be
fffff0ba
00000897
00000337
ffffed76
0000121a
fffff82d
ffffecb1
0000169c
00001432
00001b90
000003a2
00000198
ffffe738
00000e87
00001d40
fffffde0
fffffa7d
fffff415
fffffe76
ffffe832
000011c7
000004a8
00001d0a
ffffebec
fffff018
ffffec84
ffffe942
0000089d
00000f4b
00000431
00000b10
ffffe2a9
fffffca8
ffffe7cd
00000939
fffff79b
00001bc2
fffff544
0000155e
00000cdb
00000443
ffffffdf
0000198a
00000761
000019ce
00000a6c
000010f2
00000ff1
ffffe828
ffffede9
000003db
0000009b
000006b4
00000354
000017b5
fffff22e
00000103
000015e5
00000709
00000d42
00000d72
fffffc0b
00001f0d
fffff7af
ffffe2a6
fffffe8e
ffffe76d
0000172b
fffff0b7
00001efe
ffffe3c6
fffff286
00000607
fffff6a2
00000484
fffff47f
fffffd34
ffffee1a
ffffe14f
000013cf
00000132
00001457
ffffe8a5
00000b72
ffffe111
000017c8
00001283
ffffece2
000019aa
ffffee8f
ffffe545
000004b0
000009ef
ffffe6b2
ffffe414
00001ca9
00000523
000002bb
000007be
fffff50a
0000056c
0000061e
00001ea4
ffffee79
0000071a
000013b5
ffffeb22
ffffe414
00001b0c
0000155e
fffff370
000011f1
00000276
fffff057
fffffbc8
fffff0b1
0000132b
00000621
ffffe600
ffffff8a
fffff7b9
000014a5
fffffc6b
000017f4
00000616
fffff407
0000197e
00000937
fffff397
ffffee80
fffff658
ffffeff4
00000ac0
ffffe2fd
ffffedcf
00000a70
0000009e
000012bc
fffff4bb
fffffffb
000007bc
00001110
00000509
00001eac
00000b9e
ffffe98e
fffffb9b
ffffe5d9
ffffef5a
fffff923
ffffe1a9
00001d0c
00000659
fffffc5f
ffffeecd
ffffe568
ffffe10d
00001bf3
fffff830
00000e59
fffff1e2
00001f1e
00000b6b
00000334
fffff35c
000003c8
fffff7ba
000016f8
00000dfe
00000315
00000ae2
00000b9b
ffffeacb
00001be8
0000056c
ffffedea
00001b0d
fffffbf6
00001995
fffffb4a
000015d6
00000885
fffff260
000004f9
ffffed3a
00000117
fffff9de
000004f3
ffffe7e2
00001713
00000419
0000189c
00000dea
fffff244
00000bba
fffffe01
ffffe133
000019c1
00001e27
00001e2a
fffff420
ffffe598
00000f16
ffffe813
00001aa9
000008a0
00001182
0000131d
00000173
fffff974
0000026a
00001ebc
ffffe9bc
fffffb26
fffff8a1
00000f34
00001428
fffff316
00000b52
fffff1ff
00000a38
00001986
00000b56
fffff1b5
fffff698
00001895
00001e03
0000122d
fffff5c4
fffffa4b
ffffec72
fffff293
00000a8b
ffffebb9
ffffeb53
00001959
00001db4
00001970
000004b8
ffffe483
ffffe842
000004e9
ffffe239
ffffe8d7
00000653
fffff6df
ffffe362
0000140c
ffffe407
ffffe90b
fffffa87
0000054e
fffffcc4
ffffefbc
0000148f
00001b72
ffffe8d6
00001ea4
00001705
ffffe8af
fffffa10
00000d49
0000160f
fffff48d
ffffea35
00000ec3
ffffe3c1
ffffedb7
fffffbfd
00001120
ffffee3a
00000ef3
fffffea4
00000855
00001403
0000046e
00001816
fffffefe
ffffe62d
00001cae
fffff0d1
00000ec1
fffff3cd
ffffe918
ffffeba5
00000e9d
fffffdf0
00000490
ffffe419
ffffefea
ffffed14
00001a4a
ffffe4d2
00000fb3
fffffd4e
00000097
00001b7f
fffff4cb
ffffea52
00000262
00001832
00001c80
fffff47c
ffffef76
0000156a
ffffebd5
00000690
00000e55
00000db4
fffff16a
00000841
000016d7
00001ae9
ffffe245
0000116b
00000f86
fffffb04
00001cb5
fffff2ef
fffffa89
ffffea8d
fffff432
000000c2
fffff5c6
ffffef12
00001487
ffffef6d
ffffec3e
000017e0
00001e28
00000c7b
00000015
00000277
fffffcfe
00001572
ffffec75
00000196
00000d69
fffff966
000002cb
00000b98
00001e58
000006cc
00001db0
ffffedc8
00000f00
fffff4a9
fffff2ac
000003cf
fffff31a
ffffee6a
000009d2
00001a0e
ffffeb8b
ffffe384
fffff596
00001785
ffffe1b8
00001dfe
fffffeb1
00000733
fffffa38
ffffedfe
000009b0
0000135c
ffffe9f5
fffffc55
000004df
00000d47
00001651
fffff4ea
000016bc
ffffee97
fffff924
00001c63
000010d1
ffffe57b
fffffad3
ffffe461
fffffade
000011ac
ffffe8d1
00001138
00001308
fffff437
ffffe1d3
fffff820
fffff805
00000bbe
00001be0
0000063c
fffff966
00000947
ffffeabd
fffffbf5
fffffb5d
00001e03
ffffedd8
ffffe9ff
00000760
0000083b
ffffe9ab
ffffeda1
fffffc4d
fffff5ad
ffffe3f3
fffff358
fffff6bb
00001452
0000030b
000004ff
000000de
fffff56c
000009b1
00000239
000012b2
fffffd93
ffffe42e
000002c2
00001f03
ffffef98
ffffefb2
fffff821
00001f3c
ffffe5f3
00001c2d
ffffe1a5
00001cbf
000005da
00000850
ffffedb1
00001a5f
000012e2
ffffeeda
ffffe250
000015c6
ffffeeb3
ffffe2de
0000081d
fffff071
ffffe8ff
00001e68
fffffb0b
fffffb47
fffff364
fffff240
fffff188
ffffee83
ffffef6e
ffffe6ee
00001dbf
000013ff
fffff4ba
000007be
ffffe81e
00001782
000019f3
00000277
ffffeaa5
fffff6c1
00000ecb
fffff6d0
000009ed
00001d66
00000d9a
ffffefeb
00001115
fffff700
ffffec04
000015e6
ffffe314
fffffc77
fffffbab
ffffe5b3
fffffc8e
0000117d
ffffef89
ffffea0b
00001360
fffff54a
ffffe790
000000ea
ffffffd8
00001790
000001c7
000018a1
ffffe155
00000c9a
0000136e
00000337
fffff722
00000335
fffffd60
ffffe6a9
ffffeacd
000003c0
fffff9b1
00001dd7
fffffd08
0000131e
00000664
0000194f
ffffe2f7
0000077a
fffffb76
000006bc
ffffff50
ffffeb3f
00001c48
fffff71d
000005fb
ffffebde
00000b9b
00001f3c
fffffc42
00001490
ffffff9c
000018c6
00001e28
fffffec6
fffffab1
ffffe23e
00001edb
fffff815
000006d7
fffffab0
00001a05
00001a13
000004cd
00000904
0000141b
00000706
00001423
00000075
fffff8db
00001095
fffff553
fffff7d3
00001b79
ffffe364
fffff555
fffff6dc
00001f3c
0000121b
ffffff51
ffffe3c6
fffff85d
fffffb0c
fffff1ff
fffffd84
ffffefa1
00001290
00001d12
fffffb09
00000a8d
fffffda9
fffffdd0
ffffea17
0000048d
00000c32
00001598
0000146f
00000b0d
00000e91
ffffe8c6
fffffbaa
ffffeded
00001540
00001875
fffff2a4
0000039a
00000ff7
000005a7
00000274
ffffeaef
00001eba
ffffe950
ffffed24
ffffee4b
ffffec29
fffff517
ffffe29f
000003ae
fffff447
fffff806
00001213
00000b18
000005b0
fffffbb4
00001edd
000000e5
00000fac
00001c3e
ffffe17a
ffffe363
00001f02
0000088d
fffffa1b
00000ec3
fffff283
ffffec01
ffffe632
00001688
fffff858
ffffe86d
ffffed87
0000134c
fffff840
ffffeccb
fffffaf1
fffffb65
fffff5d4
fffff978
00000cd4
00000485
fffff517
00000869
00001057
ffffe347
ffffe861
000013ad
ffffe411
000001a6
ffffe3e4
00001a27
fffff295
ffffeb4f
fffffbac
fffffc85
0000178a
00001c77
fffffee7
0000086a
00000ecd
00000072
ffffedef
fffffe24
000006d2
000019f1
fffff4c6
ffffe13b
000010d2
00001ea8
ffffe9f4
fffffe2d
fffff02c
0000141c
00001e2d
fffffef5
00001010
0000146e
00000dc7
ffffe6e7
000009b2
fffffb5a
fffff93f
000010e1
fffffbe2
00001f05
fffffe00
000000d2
fffff8d5
ffffe565
00001eac
00000944
000008ab
ffffea1a
fffff633
ffffedd9
ffffe53c
0000001e
00001e95
ffffeb23
fffff25e
00001a08
00001d0e
00001eac
ffffe116
00000fc6
ffffeb3e
0000157f
00001330
fffff573
00001583
ffffe76a
00000e37
00000e50
00001282
0000125f
fffff7ad
00000c2c
ffffece9
ffffebd0
00000892
ffffe26b
ffffff10
00000368
00001903
ffffea1e
fffff8bd
fffff32b
ffffefa9
fffffe86
00000e68
fffff06e
fffffadb
00001b0d
fffffbe9
fffff4d6
00001739
000003cf
fffffeef
00001d8f
00001964
00000aae
00000a7e
fffff8dc
0000194b
00000fd0
ffffef0b
ffffecd8
fffffe20
ffffe73f
00000a85
ffffe32c
fffffb2c
00000a7c
00000984
000009df
ffffe3ad
00000aaf
000010b5
00000ad6
0000185a
0000052c
00001398
00001b9c
fffffd0d
fffffd7d
000006f5
ffffe875
00001196
fffff05f
fffff5c7
fffffa45
000019ad
00000705
fffffd29
fffff71b
fffff966
fffffbfb
fffff01d
fffff319
00000095
00000e3b
0000059c
00001592
000001ff
fffff5ec
ffffe8f5
000012c5
000015c7
ffffed11
00000ea3
00001dae
ffffec0f
fffff702
ffffe397
00000a16
fffff53f
00000663
00001d7f
ffffe5e2
ffffe2e5
0000055d
ffffe6e4
ffffe3a9
ffffe2c3
ffffff19
fffffc8e
00000253
fffffbd0
00001eac
00001b2c
ffffe3c9
fffffbd1
000007ef
ffffffa7
fffff41f
00000177
00000324
ffffe298
fffff0b8
ffffe7e7
00000be5
fffffd3c
ffffe89d
0000119c
000000be
0000086e
000010f8
fffff2c7
00001883
ffffe771
fffff53d
ffffe8fa
0000030b
ffffe8e7
00001c52
0000114b
ffffe967
0000134b
000014a3
ffffe8d3
00000e8b
ffffe7de
00001d20
00000ea8
ffffff48
ffffe40e
fffffd34
ffffff27
000002d5
00001b11
fffff753
ffffe4de
ffffe465
fffffcb1
00000449
00000045
fffff91d
00001ab6
00000055
0000140e
00000c78
ffffe97d
fffff95d
ffffe7b2
ffffeae1
fffff624
000014ac
fffffd64
00001bc3
fffff8d6
ffffef6c
00000c3c
000006ed
ffffff1f
fffff855
ffffed3d
00000c9e
ffffe836
ffffe42a
ffffe35e
00001a36
00000c80
00001629
00001ee8
ffffe96b
00000c96
000008d0
0000133b
fffff569
00001d28
ffffede0
000015f9
000015b7
fffffec6
00000fcf
000014c3
000004d2
00001706
00000786
fffffb3f
0000171b
00000ea5
fffff616
00000524
ffffff90
00000f82
ffffef16
fffff2ec
fffffd11
00000bf1
ffffeb6e
00001884
fffff659
000011ef
000008f3
00001551
fffff20a
fffff5fe
0000098d
fffff754
00001292
ffffed64
00000819
fffffdbd
fffffe14
000007ee
fffff92b
fffff2b1
ffffe545
ffffedaa
00001c77
00000c9d
ffffefd3
fffffbe5
00000c45
ffffea1b
0000066c
00001135
0000138b
000010f5
00000b70
fffff766
ffffed01
0000197f
ffffe92e
fffffaef
fffff5cc
00001446
ffffec62
00000a9c
00000666
fffff340
ffffe63d
ffffe6e1
00000af4
ffffe21e
000011d5
fffff6e6
ffffe355
ffffeff3
00001833
fffffa9e
00001404
ffffe302
ffffe36a
ffffefbe
000002f9
ffffe993
ffffe27b
ffffe43b
fffffe8d
0000172a
ffffe5d1
ffffef55
000004be
00000a5f
ffffe591
00001896
ffffe652
00000ecd
00001d6c
000011b0
0000134a
000019bd
00000aca
ffffe9ac
000011f5
ffffe605
ffffee1c
00001274
ffffe738
ffffeda7
fffff4e1
00000a9a
0000104f
0000066c
00000ff6
fffff7ca
00000d99
ffffe9f9
fffffacf
ffffe7cc
0000008b
00000eae
00000f00
fffff173
00000578
00001868
ffffee94
fffff429
fffffe21
fffff140
00001b2d
00001791
00001cd1
00001d42
ffffe597
fffffe80
ffffe83a
fffff0f8
ffffe460
00000aac
00000055
ffffea63
000018e2
000002fa
000000ee
fffff4dc
fffff58a
fffff7be
000017d1
0000077b
ffffefd7
00000ec7
00000318
fffff775
00001817
fffff3aa
00001739
fffff2d3
ffffe902
fffff1f2
fffff3d1
fffffdcc
fffffa3c
00000ff8
00001108
fffffa90
00000baa
fffffbba
fffff84d
fffff142
fffff2ae
00000065
00000527
ffffe279
000012fd
fffffabf
fffff6b4
fffff104
fffff282
fffff0ff
ffffe15c
fffffd92
ffffe7a6
fffff0f6
ffffe8f4
00001f0c
fffffbc3
ffffe7c4
0000113d
ffffe6ca
fffffa06
0000088c
ffffe9e0
ffffe4b5
ffffeb3e
00001756
00001c4e
00000c79
00000782
00000cee
fffff347
00001e7e
00001587
00000cda
00001bf7
ffffe5c4
000002eb
00001bc9
fffffd10
ffffeaf1
fffff8e8
fffff749
fffff831
fffffa3c
000016c2
ffffff0f
00000d41
fffff446
000019b9
ffffebae
ffffe2d1
fffff310
ffffe8fb
fffff0c2
0000018b
00000773
0000056f
00000fa6
fffffba3
00000721
00000119
00001884
00001915
fffff9d5
000003ed
ffffed26
fffff121
ffffea37
fffffffd
fffff0a4
fffff35a
000004b3
00000828
ffffe381
00000575
00001008
00000d00
fffff6ea
00001da0
00001d87
ffffffea
000002ac
ffffe319
fffff0fc
ffffffae
00000ca2
0000007e
ffffe4bc
0000122b
ffffe8d3
00001abb
0000113d
ffffead3
000008e1
0000181e
ffffece8
ffffeb8a
00001cbf
000005a3
00001e58
ffffe10a
fffffb4e
0000158f
fffffb6d
fffffa82
ffffe9e0
ffffee4b
ffffeb9f
00001be2
fffffb0c
ffffe61d
0000190c
fffff6bf
fffffbd6
fffffde3
000008d5
fffff142
00001b6c
0000157f
0000036f
ffffed0a
000009ca
0000038d
ffffecdc
ffffee06
fffff652
00000775
ffffe6a3
fffff066
0000194e
fffff476
000018de
000001ac
ffffeeb4
fffff07c
ffffff53
00000e5a
ffffecfd
ffffeec9
ffffeab7
00001515
fffff87c
00000c8c
fffffaea
ffffe8d3
fffffc09
00000142
00000b35
ffffe4e3
ffffeabb
ffffeb82
00000959
fffff44e
0000032d
00000cfd
00000e1f
00000764
fffff705
00000200
ffffef26
ffffec25
00001b3c
fffff357
ffffe2e1
00000ba8
00001a6b
ffffff69
00000713
fffff4ea
fffff2e6
ffffe510
ffffe775
ffffe3a0
ffffed57
00001a86
00001d7d
fffffac0
0000000c
0000188a
000003f2
ffffefeb
00000836
000005a4
fffff45a
fffff0b7
00001e22
000017e6
ffffe537
ffffeebb
00000471
000002dc
ffffe5e7
00001d26
ffffef2e
00000e61
00001cd8
00000368
00000d30
fffff783
ffffe1be
000001df
fffffc9c
ffffe0ff
000015e4
ffffe8eb
00001000
fffff231
ffffe347
ffffe3ad
0000137a
ffffefa3
0000106a
fffffb11
00001e50
00001662
00001ee8
00001a30
ffffe76b
ffffe20a
ffffee97
fffffd7e
00000fa6
00000b77
fffff9ab
00000fc5
fffff560
ffffeab4
00000eb8
ffffe133
000002c7
fffff056
000017bb
fffff463
000008cd
ffffec72
00001e0c
ffffee87
00001be9
ffffee9b
fffff255
ffffec8d
00001337
fffff1ad
00000f08
fffffd36
000016ba
ffffed22
ffffffb1
ffffffb9
ffffe54d
00001b4f
fffff96c
0000141c
00000049
00000fb5
000006ea
00001ba7
ffffe5f8
00001a5a
00001b07
00000350
00000dd2
00000bfb
00000cac
fffff6ca
000008e3
00000265
00000f15
00001a4a
ffffe7cb
00000079
ffffe4b6
fffffb14
ffffe3c6
000009e2
fffffb12
fffffdd1
00001415
ffffe6b1
00000397
fffff86f
fffff457
ffffe93d
ffffe713
000019e9
ffffe8c1
00000f0e
fffff42a
fffffc34
000008c7
ffffe52c
ffffee53
ffffe7d0
ffffe297
fffff126
fffff61f
00000184
fffffdd2
ffffe762
fffff42a
fffff76e
ffffec0c
ffffec11
fffff7d9
ffffe741
ffffe630
ffffe84b
00000b1b
ffffe849
fffff467
000014b6
0000171f
ffffec01
0000153e
ffffe7b7
00000069
000014ad
fffff720
00001cd0
fffffefc
00000ea3
000015b9
ffffe54f
ffffed07
ffffe933
fffffc57
ffffe9d8
00000057
ffffe6dd
00000198
fffffec8
00001439
ffffe43e
fffff615
0000126e
00001cdb
fffffa6b
0000026d
ffffecf4
00000290
ffffe690
ffffe821
00000452
ffffffbe
00001161
ffffe192
0000052c
000004ec
ffffef99
00000038
000012ee
ffffeb60
000000e7
00000c2c
00000554
000008f0
0000197b
00001ec3
ffffe80a
0000178a
00000c27
ffffed8f
fffff2e6
000013fb
00001220
ffffe12f
000003e6
fffffebf
0000028a
0000161e
ffffe995
00001e20
ffffe271
0000136f
00001dad
fffff40b
ffffe2a5
00001353
ffffe3fc
ffffe613
fffffd68
ffffeb3c
00001b56
00001889
00000297
00001901
00001ec3
00001037
00000d7f
000010ce
0000140a
00000ec6
000013f4
ffffe8b8
00001bb0
000019e2
00001d4e
ffffe3d1
fffff53a
fffffeee
00000d05
ffffe652
00000086
000012d4
00001dec
fffff71e
000005b4
000013c3
fffff9c0
0000061d
ffffe2dc
00000238
00000e4f
00000e0e
ffffe18a
ffffefe8
00000948
000004f9
fffff14f
0000122f
00000af9
ffffe78c
00001ebd
ffffe7e2
fffff687
00001e72
00000392
ffffeeab
00000385
fffff336
ffffeaed
ffffe7c1
00000ede
ffffe3c5
00000cb1
ffffeebb
000010f6
fffff25b
ffffee8d
000013d8
ffffe4fb
0000042a
fffff95b
ffffeb1b
ffffe813
0000151d
fffff20c
00000e54
ffffe1cf
000005f5
fffff9e3
ffffed91
fffff74a
ffffe4f2
fffff523
fffff7f1
fffff8d8
fffff00a
ffffe343
000010b2
fffffbef
0000134a
0000099b
00001ab7
fffff503
ffffe434
0000042a
ffffe3ea
000012e2
00001a62
00000191
00001811
00001aad
00000d20
000010eb
00001c86
00001ec3
00001ed1
fffffe0b
00001b91
ffffe2e7
fffff7e5
00001c7a
fffffb7e
ffffe3a2
0000064b
ffffedc0
ffffeede
ffffec2e
00000064
00001694
00000cdf
0000197a
00001ba6
00000e20
ffffed17
00001616
ffffe23a
fffff106
00001900
000018b6
ffffef0e
ffffe712
0000193c
fffff416
fffff34b
00001673
000010f3
00000bee
fffffc28
00001b17
00001a69
000015cb
00001c55
ffffedf1
0000031e
fffffae7
000013cf
00001e8e
00001026
00000caf
00001469
0000125e
00000051
ffffe5ed
fffff937
00001c5c
fffff020
00000327
00000f3b
ffffea59
00001998
0000049a
00000796
000019f6
0000048d
000002c7
ffffe28c
00001ed1
ffffe12b
00001ab8
00000fca
ffffffd2
ffffe765
00001d31
fffffbb1
000010b5
fffff688
fffff0ac
00000083
ffffe6e7
ffffeb3f
ffffe273
000010b7
00000157
fffffd23
00000fef
fffff9d7
ffffe8ec
000008f6
ffffed5e
00000187
00001d9d
fffffd04
00001330
00000df2
fffff4f4
ffffefaa
00001baa
00000693
fffffe96
000002cc
fffff09e
00000b0d
fffff650
00000d2b
fffff1c2
fffffd85
00000c31
ffffe9a8
fffff81d
ffffe4be
000004dc
00000648
00000785
00000360
00000048
000006ea
fffffd0b
00001281
fffff6c4
fffff01c
ffffef59
ffffe1c8
ffffe6a5
0000069e
00001ed1
ffffecc3
00000e96
ffffe3a7
00000fe0
000013d9
00001320
ffffe827
000008da
ffffeef5
00001c45
fffff285
fffff8a7
00001050
fffffd6d
00000fea
fffff2d0
00000f90
ffffe163
000012fb
fffffc1d
ffffee7a
ffffffef
fffffc2d
fffffdbe
fffffa7e
ffffe305
ffffe79d
ffffeabf
ffffe509
fffff1d2
00001cb6
fffffa56
ffffe842
ffffed94
00000b44
fffff782
fffffb20
fffff2b4
000012a1
ffffe786
ffffe891
00001784
ffffea3f
000006bd
00000127
00001e36
00000d40
00000675
0000089c
00000732
000006df
fffff77e
00000cc8
00001310
00001bee
fffffda9
fffffc2e
00001435
ffffe58c
fffffdf3
ffffeb25
00000ef2
ffffe40a
00000a27
00001c23
fffff98a
ffffe468
ffffe671
00000a24
ffffef4b
00001426
fffffc48
0000188a
fffffe6d
ffffec92
ffffee2e
00000267
fffff111
00001481
fffff501
ffffee6a
000002fa
fffff0c8
ffffe656
ffffef99
fffffa2e
0000015c
00000b5e
00001577
00001506
00001251
00000100
ffffedce
00001c1f
fffffdf5
00000eb8
fffffb8c
0000121e
00001092
ffffe932
fffff76d
00000057
0000065b
ffffe2f8
00000f1f
00000a89
ffffff74
fffff512
ffffe83c
000017bc
ffffe51d
ffffe8ec
00000de9
ffffe566
fffff5bc
fffff977
fffffa0d
ffffeaa3
00000d6d
0000031f
000015ac
ffffe235
00001244
ffffeff6
00000552
ffffea4f
fffff83f
ffffebe8
fffff587
00001e67
00000867
00000504
ffffecfc
0000116a
ffffe699
fffff8d5
ffffebc9
ffffec0e
0000072d
fffff5ba
00000798
00000c3d
ffffec67
fffffa8c
fffff75e
ffffe162
ffffe141
00000378
00000db0
000000b9
fffff0c6
00000b56
00000546
ffffe27e
00001676
0000184a
ffffe7d6
fffffd9c
000012d9
fffff74f
fffffef2
fffff2d0
0000131b
000015dc
00000684
fffff150
fffffa47
fffff380
ffffe17a
00001868
fffffe16
fffffe1c
00001623
ffffe3c3
000013c5
ffffe85b
ffffef41
00000fdc
fffff514
fffff51a
ffffec49
fffff3c8
fffff7af
fffff334
00001d8b
00001d8b
fffffece
ffffff1c
ffffee5e
000018be
fffff08c
00001268
00001c7a
000011fb
fffffd09
00001150
000015b4
fffff3df
00000216
00001447
00001258
ffffff72
00000770
ffffeba4
ffffe2bf
fffff089
ffffef29
000001d5
fffff399
fffffed8
000017db
00001e6c
0000189c
00000777
fffff785
00000799
fffff798
ffffe407
0000158a
ffffe4f9
00000bd6
fffff3a3
ffffeead
fffffcbd
ffffeb7d
00001ad3
ffffea81
ffffe3ff
00001205
00000df3
00000ec9
00000795
fffff45b
fffff002
00000589
00001a15
ffffee56
fffff88e
000005c6
00001501
fffff7c1
0000042b
000010c9
00001157
ffffe4c8
000016ba
fffff82e
fffff71d
ffffe451
ffffedf3
00001d86
000009a6
ffffe6dd
000008c5
ffffe9e5
ffffe3b1
00000c14
0000065d
000003eb
00001ba5
00001390
fffff027
00000886
000007f4
0000077e
00001a0a
ffffea65
fffff8d0
00000327
000013ee
fffffdf9
000018c6
fffff176
ffffe3c6
ffffe9f4
fffff311
00001df2
ffffeffa
fffff0d9
0000198a
ffffe8b3
00000647
000011dc
ffffe877
ffffff2d
fffff899
00001164
fffff1bf
ffffeb5c
00001ee9
fffff18d
000017c3
ffffe594
000015ed
fffff568
ffffe794
fffffc57
fffff897
fffffa51
fffffc52
ffffeba2
fffff4ec
fffff602
00001821
00001255
fffffd34
fffff0f2
00001089
ffffe461
00000527
00000c88
fffff9e9
fffff1dc
ffffe649
ffffe61a
00001645
00000b5d
fffffeca
00001e58
ffffe54c
000001d7
fffffe9c
ffffe6c7
ffffe390
00001677
fffff4a5
ffffe74f
000018da
ffffec74
fffff63e
0000058c
fffff586
ffffe71c
fffff3be
ffffe3d4
0000045e
fffff189
ffffffef
00000883
fffff895
00001b8e
00001602
fffffe47
fffffe03
000002a8
00001518
00001bf6
fffff9f9
fffffb05
fffff6b6
00000192
ffffebc4
fffffa2a
ffffe4f9
0000020e
0000047b
00000ba6
fffff704
00001288
ffffe9e1
00001ec5
00000d9c
0000014f
0000081c
0000050b
ffffe1f2
fffff62a
fffff7e4
ffffe30d
00000abc
00000eff
fffff97e
0000172e
fffffc37
ffffff21
00001211
ffffe585
ffffea67
000016f8
ffffeb6e
00001a76
000010b8
ffffe6da
00001a40
000013be
ffffeb04
ffffe58d
ffffe464
00000bf8
000013cd
fffff954
00000431
ffffe5c5
fffff000
00000eb3
ffffe3ac
ffffe322
00000326
ffffe52c
ffffea51
00000eda
00001904
ffffe900
00001954
00001d4f
00000eb9
fffff23a
00001e38
ffffe7da
fffff3d7
0000060b
ffffe826
ffffe125
000008f3
00001990
fffff005
fffff297
00000c37
0000022a
ffffe554
0000147a
fffff626
00000b32
000009da
00001bbe
00001b4e
000016d9
ffffe619
000003c7
fffffcfc
000002bd
00001be2
00000ee7
ffffe41c
00001ea9
fffffd37
0000013e
00000f7c
ffffec94
fffffebc
0000044c
00001609
00000d60
fffff9f0
ffffe58a
fffff3e0
00001b6f
ffffe257
00001ec5
ffffff84
fffffc77
00001e03
00001dea
000019d9
00001c1f
ffffe0cc
00001773
ffffe2be
ffffe7e5
ffffe469
000006be
00001671
ffffec4b
fffff784
fffff8a1
fffff201
fffffbe6
00000f2c
00000b9a
fffff5df
fffff465
fffff8af
fffff5e9
00000c5a
00001e71
0000188b
ffffe860
ffffebd9
ffffe376
00001ec5
0000054c
00001bc5
00000a6c
000003b8
00001be2
0000140a
fffffb80
ffffec97
fffffcb2
000016bc
00001760
fffff365
00001f10
00000781
00001006
ffffee48
00000daf
000000cd
ffffe208
00000fd6
ffffe3d8
ffffebc8
000008b5
00001d02
fffff960
000015cf
00000fd6
00000cb6
ffffeca5
00000fdb
ffffe609
fffff282
00001105
ffffe68a
000011e7
fffff515
00000015
ffffe908
ffffec7d
fffff5a7
00001ae2
000010b5
ffffe1b2
ffffeb75
00000ab7
ffffe562
000014cb
0000133b
ffffe2ec
00001b08
00001881
fffffa65
00000591
ffffee33
0000136e
00001811
00000ca4
ffffe44e
00000f74
fffff66f
fffff91a
00001314
000005c4
00000e75
ffffec61
0000105e
fffff4f0
fffffecd
00001371
00000cbd
00001759
fffff3c2
00000b16
000016d7
fffff5ba
000011fe
ffffe295
00001ba2
00000bba
00001098
00000e86
00000e45
fffff5a8
ffffec97
fffff8dd
00000454
fffff6ce
ffffe57c
ffffec58
00001a11
00001d31
000012a0
fffff32d
0000022b
ffffe533
000014cd
00000176
0000170d
ffffef35
fffff71a
000008ef
00000acf
ffffeb8b
ffffe8fa
00000659
ffffe3d7
00001216
00001117
fffff411
ffffee5f
ffffe5fa
fffffa12
000015cf
ffffff58
ffffe72a
00001bc8
ffffe546
0000115f
00001436
0000030c
ffffe779
fffff051
00001e13
ffffe61e
ffffe829
fffff0af
00000ad2
000005fb
ffffeea1
fffff5c2
00001ad2
00001e86
00001efb
00000344
00000c9e
00000444
0000053a
00000f1e
000006e3
000000f0
fffff628
ffffeb9c
000018f7
ffffed56
000008b2
fffffd1b
fffff498
fffff08e
00000a10
ffffedb1
ffffe894
fffff7bc
00000ea7
000012e3
fffffb72
000016ce
ffffe845
fffff135
ffffe76f
ffffed1a
000016d0
ffffe2ff
ffffe4f6
ffffe154
00001cc2
fffff7ab
0000031d
ffffecd9
fffff814
0000003a
fffff82f
ffffe8f6
ffffeca5
000007ec
ffffe254
00000395
fffff9c9
000019de
fffffec1
0000136b
ffffe9da
ffffe859
00001155
000002ef
fffff017
fffff7b0
00001b68
ffffe352
fffff482
00000321
ffffff53
00001dba
fffff9f1
ffffe9d3
ffffe801
ffffe10f
ffffe78d
ffffed25
ffffed6a
fffffb9b
fffffe4f
fffff143
000006b0
00000c14
00001c38
fffff174
00001006
000016ab
fffff442
ffffe8c4
fffff591
ffffea76
0000144c
00001d56
000019da
ffffe554
00000fc6
00000fef
00001197
ffffe5fc
0000000e
ffffeaab
ffffe422
000007cb
00001f08
0000144d
ffffe9ea
0000074d
fffff3cd
00001f05
ffffe47e
00001e64
ffffeba1
ffffea1a
00000515
fffffde5
ffffe564
fffffe16
fffffee1
ffffec6a
00001a40
0000171e
ffffeb3e
00000ef5
000011ca
0000120e
00001044
fffff10e
00000d7c
0000041e
00000037
ffffebd3
000004c2
00001073
ffffe337
00001ae5
0000095a
ffffffe0
fffff57c
00000120
00001303
00000eea
ffffed66
0000189a
fffffe01
ffffe680
00001bb7
00000fd8
00000b55
000018b7
ffffe879
ffffedc7
fffff9bb
fffff331
fffffafe
fffffe29
ffffe5cb
000005f0
000007fe
fffffd5e
00000f37
00000494
000012b6
fffff902
00001aa3
fffffb1c
0000099e
fffff42a
00001327
0000099d
000001b3
00001b5d
ffffe782
00001e5b
00000271
fffff8a4
fffff31a
ffffe38c
fffff90f
00000867
0000148e
00001c58
ffffe4a9
00001c4d
ffffe45f
00000baa
00001916
fffff829
ffffe773
ffffe5f3
0000039a
fffffd9e
ffffe246
000009b0
0000070c
00000de9
00000dd7
00000a1a
ffffe152
000011eb
00000d51
ffffe7ca
fffff95e
0000011b
fffffdfe
fffffcfa
ffffeeaf
00000012
00000dd0
fffffddf
00000280
0000068a
fffff394
ffffe769
00001ca6
ffffe16a
fffff842
fffffc0a
ffffe807
00000589
000018d2
fffffb42
00001954
000000eb
ffffedf6
fffff9ce
fffffdbb
0000138c
00001640
00001362
ffffed45
ffffea30
0000130a
000007bc
000010b2
00000173
00001895
ffffe440
00001ed9
ffffe641
ffffe326
00000d7e
ffffea32
ffffea9d
00000733
0000056c
fffff749
00001899
ffffea12
00000173
00001b49
00000654
ffffea96
00000b0f
fffff047
000001d7
000008ef
000017b4
00001711
fffff0b4
00001dc0
ffffeeda
000017d5
ffffe70d
ffffe78e
fffffc86
ffffe68d
fffff529
fffffe64
fffffffc
ffffe0de
ffffebaa
ffffe8d1
fffffec9
00001036
ffffffc1
00001f20
fffff3da
0000192f
00001304
000019d1
00000055
fffffea8
000005e9
ffffe0fb
00001c43
fffff889
0000178f
00000661
0000090f
fffffc1d
ffffe114
0000045f
00000904
ffffe15b
fffff3ce
fffff8a9
fffff030
00000c5f
00000694
00000d8c
ffffebc1
ffffed3d
00000ebf
0000152f
00001145
00000efd
ffffe95d
00001982
ffffea3f
ffffe809
00001a94
fffff847
ffffe2a8
fffff65c
000012a1
fffff6f5
00000f6e
00000050
00000cb4
000003b3
ffffe2dc
fffff498
00001b9d
000004d0
ffffed97
000015eb
0000174c
000016a3
0000000b
ffffe36b
fffff51a
0000100c
ffffebad
00001e72
ffffe177
ffffe698
ffffef64
000012ce
ffffe804
00001afd
ffffe12a
00000aeb
00000a4c
0000002b
00001dd2
00000ff8
000000e6
00000f0e
00001406
00000965
00001d66
fffffbd0
ffffe5cb
fffff203
fffffb56
ffffe949
fffffb1c
000018cb
fffff04c
fffffdd0
0000035c
000011e3
ffffeb3e
00000c2d
00001bdc
fffff504
ffffe834
ffffe33e
ffffe3da
00000c18
00000ffd
000015ff
fffffb75
00000306
00000989
ffffe121
ffffe295
00000e57
ffffe5c0
fffff611
fffff287
0000127b
fffff53b
00001f31
000001bd
ffffefea
fffff4a2
000003ee
ffffef39
0000171b
00001c32
00000d6a
ffffe90b
ffffed6b
00000028
fffffcd1
ffffeeba
000018cc
0000137d
fffff2ec
00000771
00001009
00000787
00001ac7
fffffbf7
ffffeb9a
fffffd64
ffffe5fd
00001ec2
ffffe512
fffffb4d
fffff718
000009d7
00000f88
ffffe642
fffff239
00000189
00000c7f
00000ffd
fffffbac
fffffe0d
ffffe78b
00000e35
ffffe818
00000a44
fffff549
ffffe79e
00001583
fffffe92
ffffe22b
ffffe2b3
000001d8
ffffe66f
00000bae
00000ad3
00000a7a
ffffee7d
000018f2
ffffe3ea
0000174d
fffffe06
fffffb65
00000c63
fffff839
fffff243
fffff872
ffffeca9
fffffee6
ffffef2c
00000e63
ffffe231
fffff266
ffffe35b
ffffe1f2
fffffda6
ffffe6bd
ffffee36
000008ac
fffffb7f
000009b3
000019d4
ffffe1e7
00001303
ffffe72b
0000146b
00001756
00001ad0
ffffe726
00000a6f
ffffe77e
fffffc1b
ffffefaf
ffffe555
00000f6b
00000ddb
fffff351
ffffe7b2
00000b1d
fffff3b6
fffff936
00001b5d
ffffebd2
000016e9
00001322
fffff0a9
fffffa80
fffff82c
000009c2
fffffe95
fffff75d
ffffe3bb
0000141b
ffffe1f3
ffffe4f7
00000451
0000094a
00000003
00000128
00000817
000005a2
000017a6
fffff53a
ffffe965
ffffe75c
000018bf
00000615
ffffedd9
000013f8
00001a6a
000018d5
ffffeaa9
ffffefee
fffff9b7
ffffeb51
00000ec7
000011b3
ffffed43
0000167f
ffffe812
00001362
fffff18b
00000621
fffff5c6
00000a97
0000181e
fffffba4
fffff06b
ffffe53e
00000b5d
00000d38
000014ed
fffff298
ffffe195
00001551
fffff1dc
00000dcf
0000192b
fffff3ad
0000051b
fffff4c8
ffffeb55
ffffee3c
ffffff92
ffffe885
fffff9c3
fffff839
000014f6
00000442
00001249
00000bef
fffff502
fffff016
00001e31
00001618
ffffe3bc
00001064
0000199a
00001cb9
ffffe6d4
fffff9b5
00000364
00000916
fffffaee
fffff14c
00001436
000015aa
fffffec8
ffffedbd
fffff256
ffffefe8
00000d4d
0000019a
fffff8a0
ffffe39c
fffffb52
00001419
000013c3
00000d32
fffff703
00001c49
000001e0
0000038b
0000134b
ffffeb65
0000146b
00001e9b
00000b7a
00000ab9
00000d1d
fffff9ea
ffffe6b2
000004a0
000002d3
ffffeac2
0000061f
00001103
ffffe991
000007d9
00001845
00001e88
ffffe732
00001628
ffffe85b
fffffbb9
ffffe739
ffffe76b
ffffe9cd
00000144
0000059b
ffffe74a
ffffe6d8
fffff60f
fffffa4c
ffffecb7
fffff2ca
00000b45
00000998
0000149b
00000d45
fffffd3a
000008a5
00001c47
000005f6
000005af
00000383
ffffe2fa
000010b9
00000fc3
00000014
00001cc9
ffffee21
00000a27
ffffe796
ffffe40f
00000640
00000ed3
00001310
ffffe4d9
00000d9a
0000077e
00000cfc
fffffde4
00001152
000016c9
ffffe5ca
ffffe0f6
000015eb
fffffd06
ffffe2b4
fffff33b
000003b8
00001a55
fffffab7
fffffcce
ffffe8fc
ffffe815
00000491
fffffe85
ffffe7ef
000002bf
ffffe3e9
fffff842
00000d2d
0000037d
00001878
00001494
fffffc48
00000f7d
00001327
00001b49
00001c5e
00000f66
00000e69
00001674
fffffb1a
ffffee58
00001bb6
000003c8
fffff034
fffffd49
ffffefa8
00001c7d
00000a9e
00000d61
00001453
0000198b
fffff10f
ffffec2c
fffff45a
fffff465
ffffe27c
fffffe17
ffffe6ad
00001e88
fffff55b
ffffec43
ffffe6ac
fffff4de
ffffe224
00000272
000010e9
fffff704
000017f5
fffffa24
ffffe948
fffff63c
fffff62f
ffffe9d3
ffffe1be
fffff34a
fffffb09
00000fa3
ffffe837
fffff074
00000441
fffffac3
00000b16
fffffa24
00001e88
00000bc5
000012b3
fffffe32
00001525
ffffef12
fffff1b3
ffffe779
00001d98
ffffe29a
fffff5d8
fffffea5
fffff0d8
00001d99
ffffeaa5
ffffe6f0
00001ce3
ffffe610
00001e48
fffff331
000011b5
fffffeb4
fffff382
ffffe88b
ffffec65
00001562
000013c1
00000083
000013f9
00000c0b
00000bfb
0000085e
ffffe1a2
00001cf0
ffffe65c
fffff69a
00000474
00001066
ffffe337
0000054a
000013de
ffffe4a1
00001ddc
ffffefb1
00001dd9
ffffeb9a
0000149a
00001d42
ffffe32a
000000e8
ffffe7d7
00001966
00001dee
ffffed16
000002a2
fffff8ff
ffffe7c2
0000028f
ffffe10c
0000082b
ffffe7f4
000011c7
000017a9
fffff804
fffff375
ffffe1f8
00000f5e
00000918
00001b55
00000a50
fffff6ee
00000b1e
00001af5
00001cda
000017e3
ffffe544
ffffe859
000016b0
ffffe8bd
00000a28
00001913
fffff5fa
0000151f
ffffe684
00001446
00001179
00000a6d
ffffe69c
00001ca0
000019b6
fffffb1c
00000cd5
000013eb
fffffa90
00001126
fffff364
fffffc03
fffffc39
fffff2fe
fffffdc9
ffffe7ee
00000b62
00001c4e
00000ef1
000013f2
fffff133
00000f31
ffffeb1d
fffff077
00001ed8
00001401
fffff069
ffffed03
00001696
00000874
00001495
ffffeae2
fffffcf7
fffffd0b
ffffff50
000006f1
00001f27
00001a16
fffffcc6
00001c9d
fffffd60
00001048
ffffe844
ffffe38f
fffffeee
fffff8f0
00001f27
00000e25
ffffee99
00001704
000001d8
ffffe226
000011dd
fffff9b7
ffffe290
00001b34
000016a6
00001ab9
00000122
00001802
00001034
ffffea52
00001d04
fffff4e0
ffffe18d
00001abf
ffffef69
00001a3d
ffffe775
00001cfb
ffffed84
00000c7f
00001e93
00000d21
fffff95a
fffff083
ffffe19f
00000d25
0000173c
fffff133
00001280
00001560
ffffe3d2
0000068e
ffffeaa0
fffff278
000002ad
ffffea08
fffff310
ffffe885
ffffea09
ffffea51
00001efb
00001a02
ffffff6c
fffff7cc
00001386
0000042f
ffffe3e4
ffffe9f0
00000336
000018cb
000009fe
00001ec0
00001479
000000eb
00001b09
00001c1f
0000192f
00001d61
ffffe2ad
00000afa
ffffe795
ffffe9ae
ffffe5aa
00000a01
fffffff7
ffffec26
00001154
000018b3
00000d6d
0000187a
fffff2a1
ffffec08
00000c6f
fffff6db
ffffe993
00000b78
fffff59e
ffffefc1
00000837
0000156b
00001401
00000077
00001b08
00000932
00001486
fffffd30
00000697
00001343
ffffe165
00001236
00000405
00001303
fffffb7b
fffff792
ffffee8f
fffff71a
fffff7f7
ffffefea
00000308
000018f8
0000100e
ffffe817
ffffe8d0
00001f27
00001321
000009bd
fffff72e
00001cbb
00001930
0000023b
00000f16
ffffe2ed
ffffe489
fffff6ca
00001cfd
00000a1b
0000118a
ffffead7
00000d43
0000013b
fffffd29
fffff5da
00000f83
ffffe38f
00000ffd
000011b3
fffff866
fffff2df
ffffe8e6
ffffec14
fffff00a
000009d6
fffff103
fffffc41
ffffe41d
fffff508
fffffd8d
ffffe72d
00000a29
00001e7b
00000db8
000005d6
fffff0c9
fffffc74
00000703
0000056d
00001b8a
fffffd15
000015db
00001214
00000980
000016e2
fffff08c
fffff3a2
000015cc
00001aea
000009db
fffff333
000017e0
00000881
ffffff48
00001bb2
00000d75
00000c59
fffffff8
ffffe41c
fffff63f
0000079c
ffffee79
00001641
00001744
ffffe409
ffffef2e
ffffed4c
fffffdf2
fffffa61
fffff99d
fffff918
00000b27
00001e0b
fffff1a7
ffffe61d
00000bb1
ffffebcf
000014e4
00000853
ffffe76e
ffffe7c3
ffffe318
00000759
0000088f
00000830
0000008b
00000342
0000099a
fffffb1e
ffffe6e5
fffffe0d
00000b95
fffff7e4
fffff956
fffff8f7
000016b7
fffff67f
00001d82
fffff3de
ffffe0d6
ffffeb87
fffff255
000003e3
00001002
000006a7
00001c43
000002d0
0000119b
00000080
fffff962
0000136e
0000064f
000019cf
ffffe611
ffffe4a6
fffffe4f
fffffa15
fffff027
ffffe6ef
000019cb
fffff58f
fffff71d
fffffadb
fffffc27
ffffe348
fffffa60
fffffbc9
00001b06
ffffe71f
fffff128
fffffa1b
00000904
ffffed2f
ffffeeaa
ffffe71b
00001149
ffffe4c2
fffff5d9
000000eb
00000487
ffffe0ef
00001b0f
fffff993
00000119
ffffe485
ffffe679
00000bc8
00000c8a
00000954
00001244
ffffea57
fffffc1b
fffff77c
fffffb9a
00000dfd
00000449
ffffe8c0
00000a1e
0000138d
ffffeced
00000a17
fffff286
00001b95
00000ce8
0000065d
fffffcd0
ffffe389
00001b0b
fffffa51
0000170b
00000bc9
ffffe630
fffffe12
00000894
fffff7fb
00001e69
fffff069
ffffe99c
00000bde
fffff4d8
ffffea79
0000065b
00001078
ffffeed1
fffff24f
ffffe992
000004d7
fffff122
00001a5c
00000241
000005d2
fffff592
0000170f
fffffdef
ffffe656
ffffe90e
000000a4
0000182d
000009a5
ffffef5e
ffffeae5
ffffe134
00000c42
ffffe241
000009f3
00000532
fffffd6e
ffffe0e5
00001263
ffffffb8
ffffe0f3
ffffe875
00001ac7
000005e8
ffffe66f
fffffd71
000010e4
ffffe2e0
ffffea84
fffffccd
ffffe17c
00000180
00000614
00001ab0
00000313
00000412
00000f3f
fffff296
00001698
00000080
fffffde0
ffffe1b1
00000195
00001537
00000580
ffffe6b7
fffff598
ffffebc9
0000106d
ffffef91
ffffeaac
ffffe84b
00000be8
ffffe47f
ffffee27
ffffe9ef
fffff282
fffff364
000004a4
00001444
fffffc42
ffffeeda
000004de
0000119c
ffffef86
ffffef50
00001027
00001394
ffffe7b7
000019aa
ffffe13b
ffffe8d2
ffffeda0
000005ab
0000002c
00000ad5
000015eb
00000efa
fffff5fd
ffffebe4
ffffe637
fffffe7f
00001e68
ffffe804
00000b67
00000db4
fffff271
ffffea3b
ffffeefd
fffff041
ffffea20
0000128c
ffffe7b8
fffff6d4
00000daf
0000008f
ffffe7fb
fffff159
00000b39
000007f1
fffff9e2
fffffdbd
000007f7
00000472
fffff7bc
000010b1
ffffe810
000013e5
ffffe0c6
fffff8f4
000014e2
fffff4bd
0000146b
000010f9
ffffe8e2
ffffff3d
fffff1f3
ffffe6cf
fffffd36
000013f7
00001b4d
fffff03e
fffff7b1
ffffed21
000003a1
00000853
ffffe141
00000789
ffffe475
0000013e
00000ee0
ffffef93
000000ce
fffff92e
ffffe4da
fffff878
00000ded
ffffe533
ffffed72
fffffe4b
0000191d
00000464
00001e80
ffffe807
00001c19
fffff138
ffffec23
ffffe782
000005c4
fffff763
00001799
fffffe64
000007d7
000012a0
ffffe4f9
fffff991
fffff10e
ffffe4e8
00000aad
0000078b
fffff87e
fffffa04
ffffeaf7
fffff5cf
00000418
0000182e
00001615
fffff7f0
fffff140
fffff4ac
ffffecca
00000af1
ffffe7a8
ffffe889
fffff1ed
0000171e
000005b5
0000110f
000019ad
ffffec84
fffff18a
00001800
00000f70
00000e91
00001c19
00001b89
fffff7a3
0000033f
00001121
00001bc9
00001ec5
ffffe62b
ffffeffb
00000f98
000002fc
00000082
00001773
00001402
ffffe962
fffff7e4
ffffe57d
00001603
000008a5
fffff909
000005df
000017f3
00001969
0000134b
000009e4
000004d7
0000196f
0000041d
00000161
ffffe225
000007e3
ffffe591
00001434
ffffede8
fffffa88
0000030c
fffffa1f
ffffe37d
00000c72
ffffeb77
ffffe486
00000c39
fffffda0
00001458
ffffea14
00000270
fffffdda
000011f2
ffffe197
00001288
ffffe3f0
ffffe7ad
00000246
fffff7ad
fffff3d6
ffffef6d
00000cd8
ffffe2dc
000003b4
00000d26
ffffff1f
fffffe72
00001665
ffffe219
ffffe3d5
00000de0
00001b3d
ffffe7a3
ffffe608
fffffdfe
ffffe3c3
000006a0
00001cdc
ffffece3
ffffeae2
00001bda
fffffda0
fffff44c
fffff787
ffffe4a7
fffff189
fffff305
000000c6
00000228
000017d4
00001555
fffffb45
ffffe0d2
0000081b
ffffece6
00001c76
00000be3
fffffcdb
000014a4
fffff515
fffff47b
fffffef7
00001a4b
0000128d
000004e9
00000bc7
fffff6ad
00001cef
ffffef6f
00001b42
fffff63b
fffff88a
00001656
ffffe1ab
fffff6ef
00000906
ffffec6d
00001b61
000003a6
ffffefa8
00000f67
000018f1
000002e6
0000154e
ffffeaaa
fffff4b0
00001f0d
000011bc
000004fc
fffff515
00000dcd
000007e9
00001a1e
fffffffe
00001add
ffffedb0
ffffe83b
fffffb9d
0000094b
fffff9cd
00001266
ffffe5b6
ffffe3db
000017af
000013cc
fffff33b
fffff36f
fffff4e4
ffffffd6
00001c5c
000002f9
fffff998
fffff553
fffff97a
ffffe343
00001556
ffffe3c5
fffff657
ffffe9c0
00001c50
00001219
fffffe80
00000c3e
fffff866
00001ea7
fffff4aa
00000f2f
fffff424
00001dd8
00001dad
00001379
ffffff39
fffffabb
ffffe4f2
00001d2b
ffffe59e
ffffeb83
00001170
fffff8dd
000018ec
ffffe76a
00001cbd
00000708
ffffe543
00000c53
fffff083
000013f3
00001495
ffffe49e
00001432
00001070
00001442
ffffe9f3
ffffeb81
ffffe44e
00001072
fffff370
00000eff
00000efc
00001942
00000704
fffffc9d
00000492
0000094f
ffffe497
ffffed55
fffffd08
00000f46
ffffff7e
ffffe1cb
fffffe08
00001655
000013cb
00000ad6
fffff1a0
fffff45f
fffff981
ffffed3d
ffffe522
fffffe3e
000005a2
00000f17
00000b37
00001abb
ffffeada
00001cfd
fffff58e
00000288
fffffb5a
ffffe888
00001c06
00000e3f
fffff8ef
000005fb
0000186b
ffffee73
00000beb
00000234
0000090e
fffff952
ffffe124
00001261
fffffb8e
ffffe601
0000023a
ffffecb6
000017fe
ffffec02
fffffada
fffffec3
fffff298
fffff54e
000016f3
000005c9
ffffe2b1
ffffff1c
ffffe236
fffff61f
00000f7f
00000b90
ffffee0f
0000048e
00001227
ffffe892
fffff56f
fffff84b
ffffe433
00000691
00001456
000007a2
0000076c
fffffd79
fffffd78
ffffec68
fffffe75
0000149a
00000948
000001b4
00001878
000008bf
ffffe8ce
000016d5
00001dda
ffffe39e
00001695
ffffe845
fffffee0
00000e68
ffffee0d
ffffe724
ffffe93a
ffffe114
ffffeb2a
00001dda
00000924
ffffe3ac
00001a94
0000168b
00001890
00001e08
ffffe4e7
fffff923
0000068d
0000078d
00000f1a
ffffe7d9
00000f0c
00001f0c
ffffe3fc
000018ab
00000a06
fffff300
fffffb32
ffffe565
ffffe89c
0000113d
fffff637
00001f38
ffffe6f0
ffffe9f9
00001333
000018a0
00000b85
0000169e
00001446
ffffedf2
00001b32
ffffec33
fffff701
ffffed4d
00001307
fffff24b
0000099c
fffffb0c
fffffc42
ffffedb9
ffffedf9
fffff4cd
000000fd
00000497
fffff5ad
0000060f
ffffee48
00001f35
fffffd6f
ffffea48
fffffa31
000018cd
ffffe6db
ffffeda8
fffff602
00001820
ffffe96d
00000480
ffffffc2
00000c4e
ffffe72c
000018d8
fffff748
0000108f
ffffe24a
00000fe7
ffffe638
fffff5d6
fffffc4a
fffff49e
fffffdb6
00000012
00000e17
fffff8fe
fffff379
ffffecb5
00001a03
00000e6a
00001c71
00001122
fffff197
000019de
ffffea41
00000983
fffff583
000000d6
00000bc0
fffff72e
fffff22f
fffff9e8
000001a0
0000142c
ffffedb3
00000e95
fffff468
ffffe72b
ffffee7c
000005cc
00001b76
0000189a
00001cad
00001587
fffff6bb
fffff86f
00001b8c
00001440
000012c9
0000157f
00000511
0000077b
ffffe65a
0000178d
00001d83
ffffe9de
000003a2
00001b50
00000b6c
000015b8
000017d7
fffffa01
00001bb2
000012b5
fffffa12
00000031
00001e56
00001231
ffffeb1b
fffff517
fffff518
000009c0
00000374
ffffe51d
000006c8
00001e0f
0000075c
00000d63
00000621
0000195f
00001bbe
000009e0
fffff860
00000b44
ffffe7e4
0000190c
fffff379
00001f01
ffffe209
fffff800
00001bc5
fffff342
fffff9e1
00000fbb
00001d04
fffffedb
ffffeac0
00001f38
ffffe23b
000003e4
00001164
ffffe786
ffffee66
ffffe37f
ffffffc6
00000fa1
ffffe64b
fffff65e
00001a38
fffff20e
000009ec
00000afb
fffff4d2
ffffefd5
00001c00
fffff871
00000988
0000117c
000001c2
00000dbc
ffffed5d
00001a4a
fffffadc
fffff233
00000ff8
00001f01
ffffee4f
0000029f
00000d8d
fffff768
000001ff
00001b91
00001821
ffffebd2
fffff5fa
00001cce
ffffff00
ffffe21e
fffffdc2
ffffeab9
000002e4
00000290
fffff241
fffff1a9
00001b7d
00000e53
0000080c
000005c3
000019b7
fffff064
00001313
fffffceb
ffffe812
ffffe1b3
fffffac3
0000195d
000006e5
ffffe3f1
000003d2
fffff4ac
fffff351
00001967
00001232
00000120
000007a8
000002d0
ffffe0fd
00000958
00001672
00000c77
000007b9
fffff4e9
00000750
ffffe825
00000d2a
0000077c
fffffeb8
fffffe21
0000083a
000006f2
0000049f
00001c88
00000b09
0000045a
fffff6d4
ffffed08
ffffe2e5
fffff5cf
00000d97
000017ac
000001fc
fffff10f
00000b3f
fffff3cf
fffffda0
00001bb2
00001986
fffffeb1
ffffed87
00000b8a
00001ea9
00001b17
fffffa09
00001656
00001cf8
ffffe221
00001bc4
00000011
ffffefc3
00000b7f
00001c03
ffffe95e
00001578
ffffebe8
ffffe7ab
00001134
fffff1b6
00000ee2
00001706
00001e2a
000011d8
ffffe44b
00000a22
ffffe3e7
fffffed9
00001e91
fffff004
00000cce
ffffee15
ffffe6da
0000190c
00000a24
0000170d
0000092a
ffffe5ae
00001499
fffff1fb
00000e68
ffffeeed
00000341
00000c8f
fffff83f
ffffe877
ffffed22
ffffe0ef
00001e43
fffff247
fffffcb3
ffffe3ce
fffff1b4
fffff0b9
0000096d
000011ac
00000aef
00001ecd
000005eb
00001edc
0000179c
000008a2
000006b3
ffffe884
fffff89e
000011a0
ffffe691
00000710
ffffe84a
00001e26
ffffff9c
000002db
fffff111
0000131e
ffffe9ba
ffffe8d7
000014ae
fffff576
fffffd24
000010bf
00000e47
00001366
000015f6
0000118d
ffffe420
00001013
00001c84
fffff37a
00000361
fffff5c0
fffff55d
00001b2a
ffffff20
00000aa5
ffffeeb5
0000120b
fffff584
fffff078
000006d9
00001e61
ffffecd7
00000b2b
fffffce5
ffffe987
fffff277
ffffe650
00001177
fffff765
ffffefc0
0000031e
00000e57
00001dae
ffffe193
ffffff23
fffffc28
fffff78f
fffffe57
00001967
fffffa22
00001d2b
0000012e
fffffcac
00001593
000015b2
0000016f
ffffff0d
000013d2
fffff3fc
00000e5a
ffffffbb
ffffed01
00001423
fffff365
000006ed
ffffea9b
00000865
0000116c
00000ff9
ffffe6c4
ffffed89
00001646
000009bc
0000036f
ffffecaa
fffffbad
ffffe32c
000003ed
fffff1b9
0000025c
00000e04
00000779
ffffe9c0
000002a8
ffffeb00
fffff3e0
000005ef
000018e9
00001973
00001ef7
00001345
ffffe8e9
00000c11
00001b96
00000cf6
000007dc
fffffb07
00000b2e
00000cfa
00001b93
fffff416
ffffe4a7
00001452
ffffec90
fffffe1c
0000046a
fffffc48
fffff35d
000002b1
ffffe1c7
0000045d
fffff2f3
ffffede4
00000be9
0000048b
00000b67
000002ce
ffffe245
00001f30
fffff4f6
fffff925
00001651
00000040
0000098b
0000070e
00000772
00001521
00001d9c
fffffe40
fffff54a
00000e3d
ffffe5f3
00001a76
00000780
000012bf
000008c2
fffffbd9
00000301
fffff103
00001c66
00000fb9
00000b47
fffff058
ffffe4fc
000018cc
0000093a
fffff2b8
ffffe4e7
fffff39d
00000466
ffffe348
0000002a
000008c0
ffffe0ee
ffffff89
ffffed08
fffff4b9
fffffae8
ffffe0d2
fffff4b5
ffffea0d
ffffe90e
000004f9
0000074d
00001d06
00001bb3
ffffebf3
ffffe331
000018a8
000010ea
000015a8
fffff6d0
ffffefa8
fffff1b9
ffffe5f4
0000125d
fffff533
00001afb
ffffee3c
00001e19
fffff1ee
00001b12
ffffef18
ffffe889
000017f1
ffffe174
ffffe48e
00000f78
ffffe186
00001080
00000b6a
ffffea10
000009d6
0000048b
00001b01
00000901
ffffeffd
fffff8a7
00001568
ffffeb51
00001d0b
fffff5fe
fffff178
fffff259
000009a2
ffffe13a
00000a11
fffff1fb
ffffe6f5
00000afa
00001c05
00000895
fffff8e9
00000af9
ffffe41f
fffff30f
fffff24a
000005e9
ffffec49
ffffe847
ffffeb97
00001088
00000896
00001b7f
00000740
00001091
00000d8d
00000e75
fffff082
0000047c
000000ec
00001068
ffffeb5b
fffffdc2
00000c8e
fffff0d9
ffffe569
0000116a
fffffd52
00000110
ffffed04
00001a92
000002d2
0000056b
fffffec4
0000021f
00001218
ffffe32c
00000757
ffffee92
00001d86
00000daa
ffffeecc
fffffc2e
ffffeead
00001a9b
00001c65
00000732
00001e24
fffff13e
000008c9
fffff011
ffffe495
fffff2f8
fffffbad
ffffee51
fffff1cb
000001f9
ffffff9a
ffffe609
000015a4
000004e6
ffffe24d
fffffb8f
ffffe840
000017ad
fffffcba
0000186b
00000fb5
fffff352
ffffe3a9
ffffecac
00001bc1
fffffb1f
ffffff0a
00000065
ffffe63c
00000d2f
ffffe65a
00001d6b
ffffe69e
000018af
fffff9cf
fffff98e
fffff8d9
00000311
000007ac
00000512
fffffe2a
000017b1
ffffebe9
ffffe758
ffffe987
000013bb
fffff9cf
fffff129
00000f77
ffffe778
00000912
00001e02
000015a8
fffff674
00000787
00000f7d
00001e00
fffff776
00000426
fffff2ea
fffff61a
000002b5
000006de
ffffef4f
00000d3d
fffff006
fffff1a3
ffffe3ed
000017eb
00000d69
00000628
ffffe10f
ffffe7c0
fffff2c5
ffffe93b
0000171c
00000fd3
0000064f
fffffdfd
ffffe8c9
00001324
ffffefc6
fffff798
ffffedb7
fffff932
ffffe2dd
00000a41
ffffe8c9
0000151d
ffffe8b1
ffffed9a
0000003c
ffffe723
000010c3
fffff2c5
00000131
00001867
000009c3
ffffff68
000017fb
ffffff8b
0000118d
000012b5
ffffe6fc
00000602
ffffe26d
fffffba2
00001add
fffff84c
fffff10c
000008ba
000016b3
0000148d
ffffeba7
000015f5
000017b5
ffffef3b
fffffc45
fffffe24
ffffe28e
fffff88e
00001e90
fffff7dd
ffffe80d
fffff2a6
ffffe23a
00000640
000012cd
0000024f
fffff521
00001d9b
ffffe2bb
fffff1bf
ffffe182
00001df6
fffffa31
ffffef4d
ffffe756
000019a6
fffff6c2
ffffedd9
00000ba8
ffffea2b
00001c2f
00001414
fffff317
fffff667
000004b8
ffffe193
00000cc1
00000d35
00001265
ffffe41a
ffffff99
ffffec17
00001232
00001ef9
fffffd9c
ffffe71c
00000f33
ffffff19
00000867
ffffec2c
fffffdc9
fffff7c9
00001726
ffffe7c9
fffff449
fffffbed
fffff735
0000128e
fffffeeb
fffff858
ffffe493
ffffe1ad
000005ba
fffffd7e
ffffe243
0000166d
000016e5
0000141f
fffff687
ffffff67
00001843
ffffeb58
ffffea16
ffffe6ae
00000d83
ffffe2ac
00000558
ffffe23f
00001968
00001189
ffffe62c
000011d3
00001a1b
00001320
fffff247
00001391
fffff09d
ffffe86c
00000b8b
ffffefa1
fffffa93
ffffef99
ffffe921
fffffa81
000003a0
000003b2
0000177f
00000b11
ffffe14d
ffffe48d
fffff9e6
fffff85a
ffffebf2
00001b89
00000d0a
ffffe87e
000011f1
fffffb1c
ffffe999
00000001
00001588
fffff03f
fffff444
fffff8fd
00000f9d
00000f6c
ffffe8cc
ffffe51a
fffffe56
0000094e
00000953
00000a18
ffffffb0
fffffc08
00000bd4
fffffeb8
00001134
000002ff
00001ac6
fffff380
00000951
000009fd
ffffebbf
00001c5b
000010c1
00000f17
fffffb3b
00001e5f
00000c69
fffffbd6
00000bd3
00001177
00001834
000004e3
00000594
fffff645
ffffef17
ffffe4cd
fffffa23
fffff774
00000789
ffffffc7
0000046c
00001036
ffffecda
00001598
00001440
0000130b
000004f7
ffffff2f
000004cc
ffffe8a2
ffffed91
0000063e
ffffff79
00000d22
fffff18b
00000f5b
fffff5b5
0000142e
fffff61e
fffff2fd
0000069b
fffffc9d
fffff80c
fffff4f4
000018fe
ffffe38f
00000fac
fffff61b
00001e09
00000ce4
000006fa
fffff683
fffffba5
ffffeefd
fffff94d
000013d1
ffffe30e
00000952
00000cc3
0000176f
fffff47c
000010f3
ffffe22a
000001ac
000019c9
fffff6f7
ffffe697
00000086
00000ee3
ffffe8ff
000010f7
fffff315
000010f6
000011e9
0000073f
fffffc0c
ffffe263
ffffee9d
00000227
ffffe0ca
00001ccb
00000a62
fffffd33
00001aff
fffff349
000003be
00000395
0000167d
00000844
fffff64d
fffff359
ffffe74b
0000112e
000010f1
00001558
00001318
ffffe244
00001e28
ffffe707
00000216
00000009
0000165a
ffffe46f
00000a06
ffffecfd
00000030
00001749
ffffe31c
00001f28
ffffe3a7
00001567
ffffe5e4
ffffeb07
ffffe6a5
000012fe
fffff7f6
0000051f
ffffe3bf
00001eed
00000940
fffff267
fffff5e5
00001910
0000098f
ffffe1c2
00000a85
ffffee9f
0000069a
00001945
fffffbb9
0000009e
00001302
ffffedc6
00000af2
00000c7e
ffffe189
fffff4a6
00001902
00000592
00001d68
fffffaba
00001aa4
ffffe5c7
00000fe8
ffffe4bf
00000819
000019d6
fffff8cd
00001709
ffffe247
fffffd60
00000c85
ffffefc3
00001729
ffffe912
fffffc95
00001c99
000018a2
00000286
00001ea0
ffffe13b
fffff68f
000007d9
fffff87c
00001019
000017e5
fffff3bf
fffff924
00001dff
ffffebf5
ffffe46f
fffffe44
ffffe7bb
000002a8
0000067d
ffffe7d5
fffffda7
fffff14f
fffff7d9
0000079e
00000c45
fffff7f3
00001ace
000001ca
00001686
00001ef9
fffff2d5
00000100
fffff3b9
00000d21
ffffebe2
fffff903
0000177b
fffff65a
00000b0d
0000006f
000004bc
fffffeb9
ffffe522
00001b90
000015c7
ffffe220
ffffe9cd
000006b6
00000098
fffff71b
00001b38
ffffe49c
fffff717
000016c3
fffffd5a
ffffef10
00001bcb
000014be
fffff355
ffffe908
fffffd04
00001a63
fffff894
00000ee4
fffffa32
00000d18
fffffbb3
0000136c
00001eae
ffffe5f6
00001316
ffffe88f
ffffe34c
0000119b
000006d2
000010e8
ffffe17c
0000199b
ffffe5a4
ffffebb4
00000532
fffff313
00000789
ffffefdd
ffffeb68
00001327
fffff9f3
00001488
fffff748
fffffd78
00000cbd
000015dd
fffffafd
ffffe0cc
fffff8c9
00001626
00001457
ffffec11
00000a88
00001e19
ffffe7ab
00000087
0000027e
ffffecfb
ffffeeca
000010af
fffff19e
fffff09c
0000070e
00001d7b
000016d2
ffffee81
fffff72d
00001c5a
0000015b
fffff0c2
ffffe5a1
ffffeeaf
00001122
00000792
ffffeb96
000013a6
fffff9a8
fffffeeb
fffff1e6
00000ab2
00000135
000006d0
fffff379
fffff6d8
fffffe04
fffff389
fffffc4f
0000192b
00000711
0000129e
00000bce
00000589
000001f9
00001b96
00000f29
ffffe7d7
000018d9
ffffef46
fffffd5d
ffffe2ed
ffffe2cc
fffff423
000010ae
ffffed9b
000011a9
00001942
00001618
fffffd2a
ffffe58d
000018df
fffff9a2
000007a3
00000f09
00001e14
fffffcfb
fffff164
fffffcf5
0000097e
fffffea8
fffffadc
00001e87
00000738
ffffefbf
00001d5d
ffffeaf2
fffff68f
000010b5
ffffedc6
00001536
ffffecb4
ffffe39a
ffffe359
00000715
0000128d
00001654
0000096e
00000da2
fffffe3f
ffffe9f5
00001f29
ffffeb3f
0000157d
fffffc9d
fffffc2c
fffff815
000018f1
ffffeb43
000005ed
0000012d
000003f5
ffffec9c
ffffe5d7
ffffe58b
fffff349
ffffff63
ffffebb8
00001b77
0000085c
ffffea4f
fffff055
ffffed2c
ffffe69a
000000ad
fffffc83
00001c01
00000d51
fffffcf8
00001cf6
ffffedec
ffffe416
000004ae
ffffedcc
fffff4ec
00000691
ffffe7ed
fffffa45
0000080d
000003f6
fffffbe7
fffffc75
00001c7d
000009b6
fffff8c1
ffffef95
ffffea4b
fffffb12
fffff4f8
ffffe10d
fffffeab
fffff147
fffff2da
fffffa59
fffffb39
000015a9
00000cde
00001c58
0000108f
00000d27
000005b6
00000de1
fffffedf
00001b9b
ffffe7e7
00000538
00000a81
00001cef
ffffef38
00001c32
00000ef0
ffffedba
00001c67
fffff2b2
00001627
ffffe3fc
fffff1f4
00001136
fffffdb5
ffffe85b
fffffc8d
ffffe5d3
000010d9
000019aa
fffffadb
00000cd8
0000057a
ffffe4df
00000460
ffffeeb1
0000157c
ffffec91
00001ab0
00000069
00001660
0000106b
00001ea2
000000e8
000004b3
00000637
fffffa94
fffff7d6
00000cf8
00001af4
00001708
0000070c
00000d50
fffffc38
000004dc
fffff2b1
ffffeaea
ffffe9b5
00000e01
ffffeb9f
00001991
ffffed23
fffffd80
ffffe9eb
00001707
000011bd
000005d5
fffffc7b
fffff157
ffffeba1
00001e04
ffffe4cc
00000f3e
00000c2e
00001df8
00000820
000006e0
00000e1e
00000f33
ffffe2ff
fffff1e6
0000006f
000001cc
00000e4c
fffff8c5
fffff9da
00000b9d
00000b92
00001ba8
00001bc7
0000039e
000003dd
ffffe12b
00000fb6
fffff47b
00000ab2
00000276
00001c39
0000124c
00001e1b
00000552
ffffee7d
ffffed47
ffffe6b4
000006ca
0000189d
000017a8
fffffa5b
0000013a
ffffea60
0000158a
000011a8
0000024c
00001e4f
ffffe4a6
ffffe378
00001da0
00001051
ffffe385
000017c8
fffff22d
00000448
0000095b
ffffe2cc
000013a4
ffffee46
ffffee26
000014fa
0000172f
0000193f
00000cc3
000004d3
ffffe653
fffffc07
fffffc76
0000089a
00001848
00001803
fffffcba
ffffee5f
000016c5
00001c72
ffffedc0
00000b9e
0000174f
ffffff55
00000c5d
ffffeb28
ffffe260
ffffeca1
ffffe750
ffffed86
0000152c
00000385
fffff7eb
ffffe304
fffff167
00000992
00001da0
fffff6fa
000015b0
fffff556
00001f04
fffffc53
ffffebb9
00000bf2
0000008f
00001832
ffffe6d3
0000072e
00000b33
0000199f
fffffa21
fffff502
ffffe610
00000e9f
ffffea4a
00001464
000019a4
00001429
0000178e
ffffef20
00001c72
ffffe961
000018c8
fffff4cf
00000232
fffffcf2
000000f7
00001802
00000571
ffffe3da
000010ad
00000bbf
ffffed1b
000012e7
fffffc91
000010a7
fffff999
000011ff
0000121a
fffff787
ffffe39f
fffffd3d
000008c3
ffffe91d
ffffe64b
00000308
000002a2
fffff18c
ffffeea7
000019cd
00001dd9
ffffe693
ffffe91c
00000152
fffff4d8
fffffe0c
ffffede7
ffffe803
fffff0f4
00000b6a
00000b3e
ffffe4c6
ffffe509
ffffebe9
00000787
ffffe60e
00000150
00001b84
ffffe3be
fffff51a
00001bfb
000015dd
ffffff0c
fffff289
ffffe433
fffff178
000002b1
0000185b
fffff8ce
00001cfc
ffffe755
00001099
0000115f
fffff04a
0000182e
ffffec0e
00000c84
ffffe201
fffffd59
fffff9d1
0000147e
00000ca2
ffffe22c
fffff890
ffffee4d
ffffe824
00000538
000016a7
ffffecbe
00001c3b
000009ff
ffffea24
ffffff04
00000943
000013ed
ffffff27
00001e2f
fffff1ef
ffffe443
fffff0d2
ffffe488
ffffed4d
0000024a
00001b1d
fffff716
00000bfe
fffffe9c
00001ed3
00000f2e
ffffe7f2
ffffe121
fffff574
00000843
0000106c
0000179a
00000c31
0000184e
00000d32
0000008e
00000ef3
0000093e
0000047c
ffffea7a
ffffe632
ffffedad
ffffe996
00001de1
ffffe49e
ffffe2fb
00000926
00001993
000015ef
fffff173
00001467
000001ec
fffff39d
ffffef79
fffffa1d
ffffe661
00000300
000016c3
fffff5fa
0000083b
00000e63
0000178a
ffffebdf
00000834
fffffa70
00000db8
fffff808
ffffe81d
00000317
ffffe141
00001aad
ffffe634
fffffdf9
000015ec
ffffee21
ffffe2d1
fffff2fc
ffffe6d5
0000144f
ffffe73d
fffff128
ffffe4d1
00001e81
fffff575
ffffedc4
0000061c
0000015b
00001a09
fffff917
ffffeb62
ffffef11
ffffe3d7
00001e17
00001d0a
000007c8
ffffe97b
fffff979
00000ee5
ffffee07
00001acd
0000158c
fffffa62
ffffea55
00001e5b
000000d3
fffff44c
000008df
ffffeb0b
ffffe3cb
00001687
00000113
000009cf
00001f23
fffff3a7
fffff021
ffffe333
00001a1b
fffff35a
000012d8
000007c6
ffffe6df
00000466
00001c94
fffff1e0
00000245
fffffad2
00001386
fffff5e4
fffff355
ffffe581
fffff529
000008d5
fffffab4
00000285
00001d4f
00001704
00000fa8
fffff9f2
0000006a
000010b3
ffffead0
000007b7
fffff3ff
00001a00
0000124f
ffffeee0
000007d5
fffff398
ffffe1d1
fffffed7
000001c8
ffffe942
000004d9
000004ea
ffffe3b1
fffff969
fffff9d8
00000ef0
00001185
0000130f
00000610
ffffe6d7
00000091
00001efd
00001c03
000011b0
0000095d
00000ff4
fffff248
ffffeffb
fffffec4
fffff0b5
000012e6
000017a1
fffffd67
ffffe3b7
fffff2cb
ffffe854
ffffe657
00000683
0000097f
ffffef89
ffffe8cc
00000137
000002a1
000001e5
0000188c
fffff9ce
ffffe24f
000012b9
0000185d
ffffed67
00001914
00000fef
fffff83e
fffffaa4
000013c0
0000193c
00001ac7
ffffea68
0000010a
ffffef04
ffffe2d8
fffff546
fffff5cf
ffffedc3
00000a12
fffff3d4
00000119
fffff8bf
00000695
00001154
00001f36
00000c23
fffff338
000011b2
00000e77
0000031f
00001ea2
fffff2ee
00000f43
ffffe9be
00000e1a
00001c3a
ffffe60e
000007e7
00001225
ffffedd6
ffffe9c0
fffff3f0
00000bb4
00000471
000016c9
fffffdc3
000011e1
ffffe386
000001d9
fffff40b
000001ef
00000461
00001e88
00001376
00000972
ffffecc6
00001615
ffffef84
fffff820
fffffb12
fffff8de
fffff2ef
0000172e
000014b7
00000068
00000357
fffff5e0
ffffee59
ffffe620
0000013e
00000b0c
fffff172
00000cfc
0000061f
00000222
000010fd
000003b5
ffffee47
00000c99
fffff37f
00001b5f
ffffea55
00000a1f
fffff4b8
fffffe32
000011a1
00001a52
00000f4d
000012b4
00001a8e
00000be5
fffff90c
fffff8ef
ffffe6e9
00000118
ffffeb38
00000d7f
000000db
0000158a
ffffe7a9
ffffebb1
00000c97
000004f6
fffff399
00000650
fffffe82
0000130e
fffffa8a
000009b1
fffff817
00000fc3
0000152e
fffff11a
ffffe334
fffff496
0000179c
ffffec12
ffffe679
000010de
ffffe87f
ffffee5b
ffffecf6
fffff474
00001676
ffffee03
00001de6
00001dbf
ffffeab6
0000124a
000002e2
00000d08
000005e4
000011a3
ffffecf3
00001084
00000e1e
000015f6
fffffd7c
ffffef29
ffffeff1
fffffa33
ffffeffc
fffff36e
000007d1
000004ec
ffffe2ee
00001a0e
0000139b
ffffe6b3
000012e3
000008a7
000002e3
00000a6a
ffffe25b
fffffd23
00000c46
0000131e
fffff841
00001db5
ffffe504
000000bd
fffff443
00000a8b
fffff967
000000bf
ffffe86a
000005de
00001bf8
0000146c
fffffb60
ffffe1b9
00001360
00000a2c
00000618
ffffe56e
fffff89b
ffffeafa
000000ca
fffff18d
00000061
00001ae2
fffff86e
fffff9b7
ffffe7ce
00000ddf
00001504
00000fbf
00000030
00001619
fffffce8
ffffe43f
fffffafc
0000151c
00001a10
ffffe3e5
00001a76
fffff2cf
00000ef1
000002ad
ffffe3b2
0000176c
fffff8cf
ffffe391
00000bb0
00001661
0000033d
ffffe971
0000137c
000007a5
fffff299
00001cca
00001686
00000244
fffff3d2
ffffe9e0
fffffdac
00000eca
fffff0d0
fffff9ea
00000ebd
00001b83
ffffea6c
00001649
00001292
00000cd7
00000c06
000015c9
ffffecb7
00000aa7
0000103b
000009e6
ffffe577
ffffedab
fffffba7
fffff412
000013b3
00001e67
fffff0e0
ffffe621
000006af
fffff205
ffffff8f
00000dce
ffffe0ce
00000bdb
fffffb32
ffffed65
00001efb
fffff652
ffffe408
ffffecda
ffffeb7f
fffffcd9
ffffe1de
ffffed33
000001f7
000002a0
fffff167
fffff6d1
ffffe3b6
00000c39
ffffe697
fffff790
ffffe5ad
fffff56e
00000ab6
00000545
ffffe88d
00001cfa
00001ca5
00001c16
00000028
00000d0a
fffff3dd
fffffc23
00001942
ffffeceb
000011b4
ffffeab2
fffff66e
ffffef63
0000055d
00001ec8
0000081c
fffffba6
00001b4b
fffff3b1
00001d04
ffffea7f
00000e79
fffffe68
ffffea93
00000c2e
000005f5
fffffb37
ffffe5ce
fffff602
fffffbae
fffff8b8
00001029
0000025e
0000140a
fffff31c
fffff74e
fffff443
fffff273
000006eb
00000e03
00000753
00001480
000013ec
00000bb1
0000127f
fffff7b1
00001016
fffff4af
ffffeda6
00000fa1
fffff2f6
000009dc
ffffeada
ffffe1b9
0000197b
00000081
000003be
00001dde
ffffe6a0
fffff31a
0000073d
00001cec
0000010b
00001357
00000449
0000033a
ffffe13d
ffffead2
00000f18
ffffff50
00000a44
00001c54
00001514
ffffe0c5
fffffb40
fffff6b9
00001dc8
fffff675
000000fa
00001336
fffff5f9
ffffe3c1
000001e2
fffff040
fffff724
0000197c
000001ea
00001067
00000458
fffff257
fffff6b3
0000117a
00000be4
00001a74
000013b0
00001d94
00001f1b
00001e0b
0000078d
00000267
fffffbe7
ffffe799
00001069
00000163
fffff786
ffffeadc
00001bcd
00000293
000001bd
ffffe58f
ffffe7e2
00000cbc
00000ea0
ffffe49a
00000377
fffff23e
00001497
00001654
ffffecd3
ffffe74a
ffffe955
ffffedae
0000186a
fffff79f
ffffee98
fffff666
0000041a
00001390
fffff42f
ffffe59e
000017ac
fffffb2e
0000178d
0000137a
ffffeb89
0000120a
ffffe4d6
000019e4
fffff701
ffffe263
ffffeaa4
00001ec3
fffffcf0
fffff9ff
fffff922
0000194e
ffffe28e
00001e9b
fffff4f5
fffffc08
000014e7
000000eb
00000337
fffffe04
00001ed3
00001f25
00000574
00000002
00001b3c
00000a9a
fffff578
00000de0
0000042e
00000c73
ffffea01
00000e37
fffffe57
00000499
00001393
fffffde9
fffff2d5
fffff478
ffffed4c
000002b2
00001d49
000002f7
ffffef71
000006d6
fffffcd8
ffffe42e
ffffe1a2
ffffe70e
fffff626
00000ef4
0000089f
00000f46
fffff7ab
ffffe8ab
ffffff9a
00001091
0000195e
00001c1f
fffff303
00001c0e
000001de
000003d6
00000f8c
ffffe9d1
fffffb26
0000117f
00000d2e
00000106
00000eeb
0000194e
00001547
0000026d
00001d82
ffffedf3
00000947
ffffe81b
0000147e
ffffe23e
ffffe69e
0000188a
ffffe54d
00001a61
fffff668
ffffe6a3
fffff82b
00000b5c
00001d96
fffff332
000009b0
0000175c
fffffcce
00001d22
ffffef6f
fffffce9
fffff109
fffff8c1
00000760
00001909
0000176e
fffff250
fffffbb9
00001890
00001c89
00001c7e
ffffef17
ffffee96
00000e95
fffff989
fffffb79
00001038
000001e5
ffffeff2
00001e77
00000bf9
fffff718
fffffb7e
ffffff55
00001d4b
000006ed
00001673
00000079
00001bde
fffffe43
00000516
00001a3f
00000feb
00000ff0
fffff0b4
fffffc0f
00000cfa
fffffa36
ffffe843
fffffec2
fffff307
ffffff0b
00000ae0
ffffeb47
00001742
fffff085
ffffec20
00000f9f
fffff186
fffff5b4
ffffe6a0
fffff7df
ffffe1c3
00001f25
fffffcee
ffffe72e
ffffe393
000009fb
ffffe9c4
000016aa
00000b7c
00000ca3
000016b1
00000982
ffffe34e
fffff751
0000105e
fffffc0c
fffff3f6
000006ab
fffffa9b
00001290
00001c90
fffff07c
fffff6fb
00001ce2
ffffed0f
00000603
000014b3
00000f1e
ffffee5c
fffffa1f
000007b7
00001392
00000696
0000019f
ffffeac2
00001f25
0000124b
00001a41
000008ea
00001caf
ffffe6b1
ffffe4b6
00000efb
000001ff
fffff7d3
ffffe8c6
fffff639
fffffcf9
00000f4f
00000b4e
ffffe32b
ffffec3b
0000114b
ffffffd8
0000050e
fffff462
00000d39
00000884
000010d1
fffffa62
00001689
ffffed25
0000163e
00000f56
fffff26c
00000f83
00000381
000009d0
000001ca
ffffe6b6
00000e3b
ffffed89
000013ef
00000dec
fffff7e9
000008b8
00000348
fffff0b2
000006e4
fffff367
ffffe987
ffffe2f9
000018a2
00000d74
0000044d
000011e0
ffffe8d1
fffff9d1
ffffeff8
ffffe57d
ffffe2d2
00000dd4
fffff343
ffffea75
ffffea3d
00001924
000013b0
fffff719
00001032
ffffeee1
fffff1a7
000019d8
00000397
ffffede5
fffff149
ffffe742
ffffe206
fffff928
fffff882
00001e57
00000aae
00000088
00000570
00001090
000003d4
fffff67a
fffffb5d
fffff703
000011cb
00001ec6
00001f25
ffffe6b5
ffffe7e6
ffffef31
00000d1f
fffff311
00001134
ffffe49b
ffffff94
00000b09
ffffe918
00000889
fffff5a2
000015fe
fffffe17
00000740
000009b6
000014e3
fffff771
000015ad
00000081
ffffe74e
00000ef9
000009a4
00000bcc
000008ee
fffff0f9
ffffe89b
ffffed9f
0000131c
000004a2
fffff47b
0000161e
0000027f
00001d31
ffffe31c
ffffe840
fffff4ac
00000ead
ffffeb00
fffff114
00001045
fffff13b
00000de8
000001f3
0000019f
00001b0a
ffffe1a7
fffff2f7
000008bc
ffffe872
00000282
fffff4ca
00001969
fffff41c
00001a16
0000186e
00001779
00000a54
00000f62
00000e03
00001307
fffffbe2
00001508
00000382
fffff6dc
00000f5e
fffffae1
ffffe332
fffff5d0
00001570
00001070
00000dd3
00001346
ffffe374
0000036d
00000c4e
fffff859
fffff751
000013e4
ffffe56b
00000a75
00000cf2
00000660
00000c2a
ffffeb3c
000007af
fffffb36
fffff44b
00001ba6
ffffe8aa
ffffe890
ffffed80
ffffe438
fffffa1b
ffffe495
fffff285
00001251
fffff8f0
ffffed33
fffff458
ffffe9ae
00001a89
00000b5b
ffffffd9
00001e3e
0000175c
ffffef4b
ffffe764
000012c7
0000126a
fffff7dd
00001188
00001b65
0000090c
ffffee14
fffffc39
ffffe9aa
00001927
fffff158
00000cbe
ffffff5f
000018b5
fffff13e
00001eef
00000cee
00000a83
fffff7a8
fffff5d9
fffff2f4
ffffe8cb
000014e7
fffff486
ffffe38b
00001b4e
00000b9a
0000043d
0000047e
fffff508
0000081a
000014c1
00001c90
fffffafa
00001cdc
00000c4c
00000d62
00001ed3
ffffe300
00000a51
0000063d
00000e5a
fffffb24
fffff27b
000000fb
000015ef
fffff0c7
fffff7df
0000012d
00000ce0
00000957
ffffe492
00000843
fffffb7b
000005e8
00000dff
00000480
ffffef37
00001ea7
000002a7
fffff460
0000053e
fffffb29
00000af9
0000162f
00000406
0000038f
fffffcab
00000e29
fffff4e9
fffff9cc
000002b2
fffff4e9
ffffe745
00001f20
fffff1b5
ffffef0f
00001874
ffffe31d
ffffe81b
ffffef96
ffffff2d
00000d57
00001845
fffffa59
0000131a
fffffb70
fffff0c4
00000bd8
fffffbb1
ffffe46b
fffff43a
00001022
ffffefc1
00000a21
fffff4cd
fffff451
000018b6
000002f4
0000154c
fffff695
0000037c
0000010f
00000407
00001538
fffffd3b
00001a9a
00000c66
00000e72
000012e5
fffff966
fffffc83
0000174e
00001117
fffff645
00001c5c
ffffea0b
00000ae7
ffffe8be
0000100e
000002e2
ffffe651
ffffea75
fffff073
ffffe470
fffff4fe
00001295
fffff852
00000005
0000100c
fffffdc0
ffffeb99
fffffca7
fffffe81
00001cb9
000014d1
000006f9
fffffd3c
00000ac3
000011a9
000010bc
fffff5ac
fffff8be
fffff9f9
000013f0
fffffebb
ffffe3d1
ffffeb17
fffff1ee
fffff5ba
fffff634
fffff5ac
00000be1
000004e1
fffff62a
ffffe950
0000077c
00001081
ffffeb38
00000fcc
00000af0
00000b70
fffff00b
fffff3e2
fffffe9f
00001640
00001617
fffff60f
fffff22e
fffff5ad
ffffe6db
ffffeb8f
fffff2ca
ffffe38f
ffffe3c2
0000094f
00000fef
fffffe35
00000286
ffffef22
000009b3
fffff809
fffffb46
fffffc7b
00000b95
fffff0e2
ffffeb39
fffff079
00000a09
ffffe5cd
00001dd3
ffffecba
fffff628
ffffe14b
fffff7c4
fffff7d9
fffff96c
ffffeb24
00000c30
0000002a
0000004a
00001ba6
ffffee8d
fffffe99
ffffe86c
fffff9f7
00001705
0000198b
ffffedff
00000404
000010d8
0000037b
000019e5
fffff0fb
ffffea39
000016e3
00000faa
00001eff
000005d6
ffffe5a4
00000486
fffff5db
ffffe244
000015f0
ffffe235
ffffeb98
fffffc3c
00000e91
00000910
00000e18
0000111d
000008b8
00001cff
fffff5b0
ffffff22
000009aa
0000049a
000007cb
fffff6ca
00000e19
00000d45
fffff9cb
ffffef20
00000853
fffff13f
ffffe1db
fffff61e
ffffe4fc
0000170c
ffffecf7
00000041
ffffe535
00000b90
00000d1c
0000078b
ffffe172
0000116c
00000424
fffff16e
000012a2
fffff9ce
ffffff3f
fffff7ad
00000d31
ffffeaaa
0000163a
fffff0a2
fffffab6
ffffe4e5
ffffe512
ffffe328
ffffee2d
000000ec
ffffe275
000019cf
fffff176
ffffe404
00001544
ffffe8bb
00000832
0000148b
00001136
00001c19
00001285
ffffe9cd
00000a22
0000125a
fffff39d
ffffe901
fffffa3c
fffffe61
fffff479
00001bc6
ffffece3
00001c13
00000ceb
ffffe6e2
ffffe89c
0000076f
00000e74
fffff291
00000878
00001aa6
00001803
0000092c
fffff8f7
00000a1a
000015eb
000003d0
000012e7
ffffe6a8
ffffffa4
000012f6
00000b69
ffffe9cd
fffff809
00001637
ffffe274
fffffd17
00000553
ffffff70
fffff3af
ffffe214
000010c4
00000394
ffffe149
00000440
ffffe7df
ffffebb2
fffff1bf
0000003a
fffffb2f
00000c75
00000f03
ffffe432
00001996
00001454
fffffd16
00000510
0000142e
000013a0
000009c5
fffff890
ffffe8ee
000011eb
ffffe983
fffffe79
fffff24b
fffff506
000018ba
fffff315
ffffe113
ffffe9bf
ffffe0e7
00001881
0000161f
00000ff8
0000102b
ffffe4d1
000015cb
fffff35d
00000ca7
00001edf
00001327
00000ddf
ffffe6c0
fffff5c5
000004e1
ffffe7c1
fffff6fb
000006a3
00000233
ffffebd9
ffffee4d
00001c90
ffffec33
fffff5da
ffffe7b6
00001203
fffff872
00000205
000014a2
00001529
000004ba
ffffe700
fffff35f
ffffee10
0000196e
00000c96
fffff7a3
ffffe32a
fffffcac
00001970
000011d9
000017b6
fffffa88
ffffe1ba
fffff0ad
fffff29f
fffff9e1
ffffecf1
0000030a
ffffe517
000019de
ffffe64b
00001007
fffff00a
000018c3
00001d49
0000009f
fffffd2f
fffffe59
0000163b
fffffa45
fffff1fc
ffffeb42
00000cca
00001418
0000102b
ffffe6d0
fffff45e
fffff2dc
00001ba6
ffffeeb0
000006a6
00000408
00000ddc
0000067a
00001500
fffff19d
fffff7a5
ffffebec
fffffa97
ffffef7c
00001b16
fffff599
fffff13d
fffff912
00001c7a
000011e2
0000110c
00001963
0000174a
000009a0
000015c5
ffffe434
fffff760
fffffdb9
ffffec8e
fffffe0e
ffffe256
00001880
ffffee5c
fffff4cf
00000d8a
00000dab
00001bce
0000120e
ffffe5b7
000000c2
00000910
ffffff7d
ffffe52a
ffffe83e
00001867
ffffe49a
ffffeefd
00001d81
fffff490
000003f9
ffffead1
fffff170
00000771
000012f8
fffffc55
ffffe42a
ffffe9d8
00001bb6
fffff910
ffffeb60
00001ac0
00001e59
fffff581
fffff31f
0000167b
00001988
00000935
ffffe35d
ffffe651
ffffe9d6
000007ef
ffffe322
00001e81
00000fe7
ffffe0c4
ffffea6b
ffffe4f9
ffffe905
fffff25e
00000d3b
00000bc6
000003cc
000014f2
ffffe46a
fffff550
fffff28c
ffffe5c3
00000ff9
fffffd02
000002f5
00000ade
00001bb8
000010c7
000010f8
fffffaf3
00000f09
00001c0e
00001365
00001728
ffffe60f
ffffe1a9
fffff6c2
ffffe80c
00001386
ffffeee1
fffff359
00001cba
fffffca6
000017b6
000007a6
000011d3
ffffe7c4
fffff30b
00000c5c
ffffe2f1
fffff970
ffffe9e2
0000179a
00000ebe
ffffff49
fffffba0
ffffe2ae
00001497
00000fbc
fffffb00
00000c0b
fffffe9e
00001c17
fffff62a
0000137a
ffffe55c
00000428
ffffea71
0000119e
00000e7a
ffffecf1
000005c6
00001975
000007ed
00001095
fffff4c0
ffffffa9
ffffed20
ffffe34c
000003e0
fffffaa3
fffff2fe
fffff6d8
fffff041
00000a20
ffffe862
00001e81
ffffed18
fffff459
00000b2d
00001b16
ffffe674
00000b83
00000bec
ffffeab4
ffffea6b
00000b05
ffffe73b
0000035e
00000cbf
fffff1d8
fffffed5
ffffe911
ffffebe3
ffffeb09
00000b0f
000016ff
ffffe58d
fffffe66
00001857
00000423
00001b5b
00000eca
00000d39
ffffedc9
00001820
fffff047
ffffe3e6
00001153
ffffe69b
fffff40d
fffffb36
ffffea32
fffff660
00001344
fffff11c
00001e81
fffff6b9
00000838
000010c3
fffff0f2
ffffe592
ffffe9b2
00001eb8
fffff0ad
00001001
0000080b
0000046e
fffff30e
000007cb
ffffe5f6
fffff107
ffffffa8
ffffef1b
fffff2fc
fffffba7
ffffea89
00000385
0000007d
00000e73
fffff689
00000eac
000004cf
ffffef1c
00000fb1
fffff2bc
fffffe17
0000029a
0000169a
00000a7b
ffffe35a
00000e71
00000e95
ffffe7a6
ffffe65d
ffffe78c
ffffe78d
00000594
00000892
ffffe206
0000159f
ffffffb0
fffff0dd
ffffefc0
00000063
0000193d
000010aa
00001b65
ffffec50
fffff9b1
fffffa84
ffffe843
000005ce
ffffe801
000011f6
ffffe562
00000496
00000007
ffffe9e1
0000198c
000014a7
00000a62
00001371
fffffdb1
00000dee
fffff968
00000e8f
00000771
fffffd3c
fffffffd
00000963
ffffee49
00001f2b
ffffe9ea
00001dad
000011d8
ffffec67
ffffef5b
00000896
ffffee02
000016f8
0000161c
ffffe482
000009af
000004af
fffffc32
ffffe7f7
ffffe920
ffffec39
ffffe6d5
fffff733
fffff102
0000038a
fffff348
00000297
ffffef7e
0000003f
ffffeba2
00001c94
00000ca9
00000095
fffffc94
00000e91
00000f04
fffff5a4
ffffe197
00000f45
fffffda4
00000f7e
ffffeedd
00000a99
fffffd98
00000fe4
fffffdf9
00000485
00001841
0000163a
00000419
ffffe6c6
00000a6f
fffffcc5
ffffe91d
ffffe84a
fffff552
00001c28
fffff5cc
fffffbee
000012d8
ffffee81
000018a9
0000151a
ffffea08
ffffe633
ffffeba8
ffffea61
00001810
00000b2d
ffffe2f2
00000076
ffffe2ba
fffff174
fffff537
000004c4
00000f4d
ffffedb6
000003eb
fffff413
000006cd
000006f0
fffffa6a
000017ee
0000141b
00000cb2
000010d6
000008f3
fffff82e
00000f6a
fffffa86
fffff866
00000a92
00001e0f
fffffed2
000006f4
ffffe326
fffff0d8
fffff3fa
ffffe2ff
00001eb3
ffffe7bc
ffffe9a3
ffffed28
000007de
00000ea5
fffff41b
000013a8
fffffe6a
00001a97
fffff6b5
000008ee
000012a2
fffff354
fffff6f9
0000152d
fffff767
00001c57
fffffae3
00000c4e
fffff214
ffffe545
0000017f
fffffa6f
000004a2
fffff04f
00001da7
00001b74
00001971
00001371
00000caf
ffffe51e
00001728
000006d6
ffffee9b
00001e52
00001ee7
0000017c
fffff5ba
00001857
ffffeb1b
00001385
00001d66
fffffe38
ffffe49f
fffffc60
00000fdd
ffffeada
ffffe4bf
fffff6e7
ffffffb4
ffffecb5
000007a9
0000159b
ffffe564
00000676
000004a6
00001b43
ffffe3a1
fffffa65
fffffe3a
00000c9b
00000981
000014d2
00001ea8
ffffe18e
00001855
fffff4ed
ffffe854
fffffc03
00001ed6
00001727
000015c7
ffffe608
fffff04d
00001c77
ffffe355
000007ee
ffffe964
ffffe53e
00001c8b
00000be1
ffffedd8
00001635
000010c3
fffff0ed
ffffe104
fffff4ea
0000100d
fffff21b
00000be1
00000ca8
00000eff
00000da4
fffff2bd
00001125
00000b46
00001a50
ffffebe8
ffffec1d
fffff695
00000d03
ffffe2a0
0000091b
0000123c
fffff129
00000a54
00001db4
000005be
fffffe8f
00000904
00001c0d
ffffff61
00001d7c
fffffd1f
00001900
ffffe754
fffffd77
000016b7
fffff23c
0000110c
0000055c
000019bb
fffffcd8
00001c9e
fffffe03
00001078
fffff001
00001343
00001564
00001616
00000e6b
0000134f
000016d4
00001765
000001f8
00001a7c
ffffe68a
fffff431
000016a4
ffffe81b
ffffe514
fffffb52
ffffea68
00001c49
00001bc1
00001ed6
000003d8
fffffa45
00000aef
00001478
0000140f
ffffe670
00000a48
00000c7c
fffffc7f
00001444
000002af
00001346
fffff9a7
00001390
000004d3
00000dc9
ffffe0e3
00001758
00000084
ffffec12
ffffe23d
ffffff38
ffffe79a
0000137b
000015a5
fffff135
000009f6
000005af
ffffec22
fffffc93
00000f73
000016bb
fffffe7c
fffff2ff
ffffe92d
ffffed25
00001ada
000013cd
ffffe7cc
00000122
ffffe1fb
000013e2
00001ed6
00000f94
ffffe1cb
00001238
00000993
fffff21c
ffffe8ff
ffffe83d
000003fe
00000840
ffffefe9
ffffe6f6
00001b8a
fffff7ff
ffffee3d
ffffe9ce
0000014a
00001d0f
00000eaf
fffff4cb
fffff432
ffffe549
000014bb
ffffe30c
fffff45f
fffff5a3
fffff8fd
ffffe323
fffffba6
ffffec3b
fffffaee
00000037
000006bf
00000b8c
ffffeee3
00000ea4
fffff553
ffffedb6
ffffef0f
ffffeaea
fffff20f
00001553
0000106c
ffffe890
00000814
000015de
00001cec
fffffc45
00001c22
fffff6eb
ffffed91
fffff85f
ffffeddf
00000f5e
0000197a
00001bb0
ffffe96f
ffffe42e
00001052
ffffe1e4
ffffecbc
ffffee5f
ffffe9b0
fffffd33
fffffc33
00001ecd
00000b80
00000d98
00001582
000002d4
ffffedc2
00000e18
ffffe6fb
fffff0f6
0000124b
00001127
fffffcf0
000000f0
000006d9
000016e5
00000543
00000041
0000104d
fffff8cf
00001e98
00000901
00000941
00000b26
fffff793
000012b8
ffffebae
000016f8
ffffe72e
00000163
00000bf8
ffffe56f
fffff0b1
ffffec87
fffff219
00001e1c
fffffc75
0000040e
000001b9
00001720
fffffac2
0000107f
00001c7b
00001607
fffff361
fffff464
00000660
ffffe3f1
ffffe1c3
fffff5d4
ffffe4bc
00000bb8
ffffed2f
00000a36
fffff255
000016b0
fffffde5
fffff9a4
ffffeb1e
000008ee
000004ea
fffffabd
ffffe5dd
fffff41a
fffff944
00001c8b
000012a1
0000194d
fffffe6f
ffffe470
00000a61
fffff365
ffffeeb9
000002b1
00000cf8
ffffe602
00001e44
00001646
0000096f
ffffe7a9
00001e08
fffff4a7
000014dd
ffffffb2
000010c3
ffffe10f
fffffeb3
fffff560
000004a1
fffff478
fffff032
00000b3f
00001768
fffff81a
ffffe196
00001d86
00001296
fffffaaf
00001b80
00000556
fffff57d
000007ca
000012bf
ffffe1c6
fffffb94
00000ffc
0000164f
00001567
00000810
00001568
ffffe43c
000010d5
fffff83a
00000bb6
ffffe1f3
ffffe3cb
00000f95
fffffc5d
0000172d
ffffe2cc
00001f01
ffffed5a
000001a5
00000e70
fffff934
000016f0
00000188
fffff6d6
fffffc77
ffffe27c
fffff312
fffff38f
000019a4
ffffe0cd
fffff962
00001714
000018ba
ffffe573
00000428
ffffe2ea
000015ae
00001dee
00000a59
ffffe2b5
fffffe13
fffffa6c
00000d84
000015c5
00000e17
ffffe316
00001716
00000885
fffffd8c
fffff6ea
000001d9
ffffee37
00001083
ffffe3ae
000000ec
0000074c
00000785
00001c68
ffffef77
00001e11
00001dc1
ffffe9a2
0000087f
00001e48
00000968
fffff92f
00000f53
00000f65
000011fb
fffff593
ffffe6be
fffffacf
fffff7e0
ffffe1ea
00001ee3
fffffa8b
00000107
00000dcc
ffffe0e8
00000d79
00001d63
00001bb6
00000322
fffff953
ffffe4d0
00001389
fffff64e
00001b0f
00001cad
ffffe7fe
fffff573
00001089
00000379
fffff871
fffff52f
fffffb14
00000709
000010e8
ffffff27
0000009c
fffff550
00001ade
ffffe6b3
fffff857
fffff26f
00000b1e
0000078b
fffffd47
000000e7
ffffeb27
fffffc7c
00001799
0000047e
00001e29
fffff830
00000848
00000133
0000028d
0000048c
000017d9
00000d6e
fffff97b
00001cfc
000019de
ffffeed0
00000000
00001dbf
ffffe71b
00001e52
00001a50
0000132e
fffff785
00000d70
000008ed
ffffe505
fffffe7c
00001181
fffff323
000006f4
00000b14
fffff05a
00001480
ffffefe2
ffffe205
fffff599
fffff9d1
fffff4d2
00000e45
fffff9b5
000000bf
000001ec
00001cd0
00001225
ffffebf3
fffff99e
00000545
ffffe282
fffff197
00000beb
000018f1
ffffe0da
fffffcc1
fffffe35
0000165a
000009ad
ffffee38
00000730
ffffefa4
00001391
fffff926
00001bc9
ffffe58a
fffff58f
00000552
00000e14
00000334
000016cd
00000514
00001576
ffffe833
00001292
000014cb
0000015b
00000777
000011c3
000015c3
ffffef83
000001d3
000000d2
0000089a
000002dc
ffffe427
ffffea1e
00001ed6
fffffc76
ffffea0d
fffff9a3
0000130c
00000562
00000498
000005b4
00001294
fffff5ed
00001d39
00000c1a
00000742
fffff3ac
ffffe5e0
00000294
fffff63b
ffffe195
ffffee5e
ffffe520
0000057b
ffffe5f9
00000e9d
0000076b
000013dd
000000f5
00001715
fffff746
fffff9c8
fffff7f2
ffffe166
000018eb
ffffe45f
00000e28
fffffe1c
fffff1b7
00000e5a
fffff6b5
00000415
00001c4f
00001183
fffff89f
fffff94d
00000072
fffff971
00000e9c
00000b8f
ffffeee4
00001dd6
00000953
0000035f
ffffef62
ffffedd1
00001683
00000650
fffffac1
000014ce
00001dcb
000013ab
ffffe4c1
00001524
00000221
0000098a
fffffd2a
00000063
fffff2f5
fffff209
ffffe886
fffff07d
ffffe5c5
ffffff18
000013d7
000009ac
ffffebaf
fffff1cd
ffffe2c2
00000925
000003af
00001ed6
ffffeea8
fffff222
fffff7dc
00001ce8
00001362
fffffb7b
00000656
fffffa2a
ffffea12
ffffe9e9
ffffe8cb
fffff3d9
0000060c
00000827
00001567
00000c52
fffffe4e
00001608
00000ae4
ffffee4f
0000123c
000018db
ffffead2
000000f8
000009ba
fffff969
00001dcc
fffff443
00000ba7
00001793
00000ce5
fffff76a
ffffe79c
ffffee0e
000004c3
fffff49d
ffffe9ee
0000172c
00000d2a
00000771
00001ed6
ffffee31
ffffee70
00000ac4
fffff922
ffffe940
ffffe9ce
00001635
fffff589
fffff489
00001f34
fffffcf5
ffffee7c
000007f1
0000049d
ffffeb71
ffffe106
0000074a
00001bfc
ffffee7d
00001573
fffffef0
ffffe58e
000013e9
ffffeb01
fffff6ff
0000058e
000000d7
ffffeaa3
ffffedf4
fffff4aa
00001823
000011ed
00000393
00000bea
0000043e
000008b6
fffff9f3
ffffe35f
000014cc
ffffee07
0000071b
ffffe83a
fffffa70
000003f8
000003e3
00000f68
00001bfb
fffffed9
fffff873
0000131f
ffffedf2
ffffe579
00001149
ffffea0e
00000464
ffffe4b1
00000314
fffffa2e
00001dcc
ffffed25
fffff76e
00001a91
fffff67f
ffffea73
0000084d
000012f0
ffffffb6
ffffe504
000004f2
ffffef9d
fffffbb3
fffff617
0000152b
000019af
ffffe166
00001cc5
00001cfa
000009b5
fffff847
fffff8de
00001b51
000016ff
fffff7b0
000002f9
ffffecbb
ffffe637
ffffebf2
fffff6e2
00000ee6
ffffe91b
0000119b
00001317
ffffe1d2
ffffeed7
00001468
fffff64e
00001dc1
0000090d
000010e4
000003c3
fffff2fc
000010ff
fffffe31
00000fce
00001184
00001ac2
0000076b
000001f0
00000f67
fffff882
ffffe1b7
ffffe425
ffffe41f
ffffe923
00001867
ffffed86
00000167
ffffe733
fffff752
ffffe0e3
00001e49
ffffe7fe
00001092
fffff4d7
ffffe222
fffff3ec
000005c6
fffffa9a
ffffe1d1
00000267
fffff17e
fffff4ea
ffffec2d
ffffef20
000007b4
00000a26
000001b8
ffffe7a1
00001627
fffff651
00001ca1
ffffea6a
000000f3
ffffe257
fffffbbc
0000142e
ffffec77
00000fa7
000013b3
00001659
00000e61
0000090e
ffffe1b2
000014ab
00000b42
fffffbb8
fffff17a
ffffff1a
fffff8a2
ffffff08
00000bdf
ffffe532
000012d2
000015fd
ffffed78
00001610
ffffef0c
00001e49
00000c10
0000163e
fffff668
00001b07
00001a58
00001dd8
000012a3
fffff998
ffffffbf
ffffe537
ffffeae8
000003c1
ffffe1e6
00001144
0000172d
00001ca4
ffffe143
fffff17c
fffff837
fffff5cd
000015e7
00001cbc
ffffe683
0000133d
00000679
ffffeb7e
000002a2
00001d4b
00000c6d
ffffe2ab
fffff0c9
ffffe140
00000aed
ffffec7e
0000066c
ffffeccc
ffffeb97
fffff301
00000895
00000670
ffffea08
00001a41
00001d12
fffffb4b
000007eb
ffffedfe
000003f1
fffffd12
00000a44
ffffe9f1
ffffe6d8
00001784
00001e32
fffff57c
fffff0fa
000004c6
ffffe2b5
00001a0f
000016ab
0000000e
ffffe49a
fffffe08
00000f23
0000076d
fffff8e7
00001712
ffffe32f
ffffe714
0000096a
00000b56
fffff41b
00001e49
00000d96
000018cc
000014b2
00001a6d
fffffa93
ffffe969
fffff6b7
fffffeac
00000442
00001eed
00000157
00000cf4
000017d9
fffffa13
fffff51a
ffffeb7a
000000ba
00001e5d
00000a15
000006da
fffff326
fffff8ff
00000f04
fffff060
ffffff69
00001b87
0000010c
00000982
00000692
ffffe149
00000d40
00000885
00001b1a
00001109
00001c48
0000001c
fffff0a0
ffffe8b4
00000ab2
fffff814
00000437
fffffeb6
fffff9b9
0000028b
00000257
ffffe6ec
fffff988
fffff60c
000000d7
fffffec2
00001762
ffffef4f
fffffd4f
ffffe40c
00001563
ffffe5e8
ffffe1dd
00000093
0000000c
ffffe1b8
fffffeaa
ffffe8f2
000006f7
fffff34e
fffff88c
fffff89f
ffffe290
fffffc25
ffffe343
fffffa60
000008d2
ffffe53a
000013ab
00001930
000018b6
000015ee
000005b3
fffff9bc
ffffff5c
00001888
000013b2
00001747
00000322
000017dd
00001ba5
fffff06e
ffffee38
0000006d
ffffe3c9
00001d6a
fffff510
00000158
000013bb
000014a4
ffffffe5
00000284
ffffe69e
0000182c
fffff772
000000c1
00000427
00001119
000010d7
ffffe7ef
000014c0
0000060c
00000b2b
ffffe28e
ffffe4ae
00000691
ffffea79
000007d3
fffff460
00001ab9
00001386
ffffeaf4
ffffe6c2
00001b0f
000008db
00001862
fffff421
ffffe55d
ffffe7da
00001af8
ffffeef1
00000371
fffff4ca
fffff0fd
00000138
000003a7
0000162b
fffffdae
000011e7
ffffe6c8
0000185b
ffffffc9
00001ba6
ffffe3d5
00000650
ffffe616
fffff33a
00001172
00000c70
fffffc56
ffffe622
00001d36
000013ef
00001041
ffffe645
ffffebfb
000000e6
0000050e
ffffe5e3
000014c3
00001ec4
fffff00d
000010de
fffffed0
00001a3b
00001cc0
000005bc
fffff970
0000113b
fffff930
00001406
fffff410
000007a1
000011c8
00000844
0000011b
ffffeb87
fffff7f6
ffffe269
00001a79
0000088c
00001b43
000012bd
00000ccc
00000770
ffffec33
000008d2
00000670
fffffcd7
fffff099
ffffe60b
00000eee
000006fd
00000649
00001504
00001010
ffffedb0
000005ab
ffffe677
00000c90
fffff8dc
00001d46
ffffe3d4
ffffff83
ffffffc2
00001ab8
ffffe753
fffff755
fffff37c
ffffeda5
ffffff64
00001f0a
000017cd
00000a74
00001492
ffffe562
fffff7a7
000017d3
00001b9a
00000dc1
00000ef3
ffffe1be
0000034a
fffffff6
ffffe2d8
00001f3d
fffff2db
fffffa3d
ffffe460
00001bf1
fffffa4d
fffffc29
00000207
000012e8
00001b75
000016c5
ffffeb27
00000562
fffffbed
000000d8
fffff3cf
00001169
ffffeca5
fffff556
fffff358
fffffec5
00001b51
00001614
0000004f
00001a59
000014dc
ffffebce
ffffeb5c
00001624
fffffafc
fffff68c
000008fa
fffffc14
fffff671
ffffe432
fffff7b8
00000e7d
000016a1
000003b4
0000190c
fffff702
fffffc58
fffffbc9
fffff5d0
00001994
fffff3a4
ffffed02
000007ec
fffffcde
00000020
000001a8
000016bf
0000163a
ffffec39
00001afb
00000074
fffff0ea
00001b9c
ffffe5bb
000008e7
ffffebc4
fffff39d
ffffe457
000014ee
fffff7d4
ffffff90
ffffefd3
ffffee3c
ffffe0c2
ffffeb10
00001643
000009cb
00001791
00001eb2
ffffea0b
0000081f
fffff0c9
ffffeaa9
00001e0c
ffffe9dc
0000115f
00000980
000001e8
ffffea13
fffff5a1
000012f6
0000035c
0000014a
00000ff2
ffffe9e8
ffffe7e5
ffffef29
ffffe815
0000115d
ffffe52f
000001eb
fffff085
fffff1a7
0000195c
0000161c
ffffe486
fffffabb
0000046e
00001483
00001157
fffffc29
fffff890
00001cc7
00001afb
00000bff
fffffacb
00001e61
00001492
ffffe32a
ffffe9b5
ffffe5bc
00000d39
00001c65
ffffef95
ffffe436
fffffbc1
fffff74f
00000404
000010b0
000001bf
00000ef9
00001cca
ffffe762
00001232
000001e2
ffffe6a0
ffffef26
00000d26
000018bb
ffffebf0
fffff252
fffff79b
fffff510
ffffe22a
000004f8
ffffe83c
ffffee4a
fffff68e
000001f3
00001d19
ffffeee9
000002ab
ffffea2a
0000146a
00001edd
00001eca
fffff310
00001deb
00001640
ffffff4d
fffff4a8
000004dd
00000bba
ffffe951
00000ab0
0000094e
00000298
fffff70f
0000079f
0000117f
fffff534
0000045d
00001172
00000354
00001867
00001179
fffff4a0
0000150f
000007a0
00000828
fffffcf4
ffffe6e0
ffffec87
ffffff9f
fffff605
00001813
00000978
00000ed2
00000015
000005d4
ffffff12
ffffe4aa
000005c9
00001da0
00001033
ffffe26e
00001a3b
ffffe973
00000520
ffffe504
00001c23
00000787
ffffff7c
fffffee7
fffff688
00001b2c
0000121f
000007bb
fffffc99
000003fa
00000793
ffffe22a
ffffe4e3
00001c5c
000002c7
fffffd15
00001bbb
fffff15d
ffffe8f1
ffffffff
00001ac6
00001be0
fffff5d2
00000ffc
00001b67
ffffe73e
00001488
00000350
ffffe2ac
fffffb52
ffffed12
ffffea9b
000016c0
00000a76
fffff8e5
ffffeace
00001af8
00000cb3
fffff800
000006b8
00001a4f
ffffef49
ffffeeb5
ffffe4ec
0000195f
00000704
fffffa17
00000671
ffffe8c2
fffff4b2
fffff062
fffff0da
ffffe739
00000f64
000014d1
000003b0
fffff046
fffffce9
fffff326
fffffcf2
fffff968
00001a7f
0000139d
ffffe1a8
0000177a
00001842
000012ae
ffffe2c8
00000f9e
00000ca4
0000180b
ffffeac3
ffffecf0
fffffeaf
ffffeae6
fffffb6f
fffffee9
00001af8
00001ae4
00000ba3
ffffed1e
0000185c
fffffcf5
00001775
ffffecd0
00000b1b
ffffecf1
00001933
ffffe870
ffffed33
ffffe8e1
000011c5
ffffe24e
00000947
fffffc08
00001b97
fffff2bd
00000a15
fffff519
00000c41
000002d0
000001c1
fffff685
000009c3
ffffecea
00000433
fffffdca
ffffebf2
00001beb
ffffe8c0
00001325
000002ac
00001c76
000003fe
fffff1e6
0000142a
00001165
00001218
fffffe94
000011a8
fffffec7
0000097a
00000d02
fffff683
fffff061
ffffe0ea
0000074a
00001858
000018d6
00000d9a
00000480
00001ae4
ffffe6ec
00000d23
ffffe771
ffffe164
fffffda2
ffffe816
fffffd0a
ffffebf8
fffff4ae
fffff641
00001088
ffffffe8
00000b68
ffffef69
00000d4b
00001f0b
00001065
ffffe28a
ffffe6f5
fffffbce
00001e61
fffff95c
0000146b
00000fe8
000002ed
fffffce5
fffff83b
ffffe6f6
00001b24
fffff61a
fffff52b
00000b4c
000006a0
000016a0
ffffece7
0000188d
ffffe656
fffff143
ffffe977
00001862
00000676
00001a72
00001781
fffffd7b
ffffe4ab
fffffb81
ffffeb3a
fffff8a9
00000118
00000a6f
ffffe933
00001dfd
00001b5e
00000ce5
000015c6
fffff332
fffffc94
00001b95
fffff5f4
00000726
0000148b
0000161f
ffffe22b
0000032f
fffff009
fffff19a
fffff705
000012bf
fffff050
00001d9e
fffff250
fffff75f
00000b3a
000011b4
ffffe3cd
fffff87a
00001136
000012c8
ffffe98e
ffffed2c
00000963
00000df9
ffffe5cf
00001a3b
00001c43
fffff54a
ffffe9a0
ffffe313
fffff458
00001b7e
ffffe826
000003da
ffffff73
ffffefc5
ffffe477
ffffe35c
ffffe87a
fffff64a
0000199a
00000441
fffff8d8
000000f2
00000922
fffff472
ffffe38d
00000732
00000c8a
000010fb
00000ef4
fffffa09
fffff62a
00000e15
fffff47d
00001b71
00001256
ffffe6e9
fffff2ff
ffffedec
fffffd37
0000088f
0000139a
00000e18
000001de
0000178b
fffff54c
fffff48b
0000003e
00001408
0000163f
00001e2b
00001be0
ffffe98c
0000074c
00001b86
ffffe79d
00001765
ffffe2ae
fffff3cd
ffffe698
00000729
0000113a
0000073b
fffff616
ffffe870
fffffa68
fffff820
00000c85
fffff5f4
ffffe489
00001184
fffff458
00001ced
ffffe52a
ffffe3e4
ffffebec
000014ae
00000801
00000633
000005d2
00000ee6
000013f1
00000d56
00000133
00001182
000011c8
00000ef2
000001c4
fffffa43
ffffe64e
00001a6a
000000ff
fffff229
000018c2
00001593
ffffe663
ffffe56c
fffff2f0
00000302
fffffd28
ffffea2f
00001a9a
000013c2
fffffff6
00000a16
000007fe
00000c62
00000584
00001957
0000144d
00001af0
ffffea8c
0000101a
00000b73
00001a0f
00001ddf
00001cea
00000ea0
000014de
ffffe5b7
ffffe5ef
fffffdb4
ffffefa0
00001536
0000127f
ffffffc9
fffff377
00000de5
00000d12
fffffa84
fffff7ae
ffffffb4
00000746
ffffe1dd
00001f05
000009d1
0000127d
0000068f
fffff82f
00000434
ffffe473
ffffeda3
00000c21
ffffef3a
ffffff46
ffffe41d
00001be9
00000ed7
00001238
ffffe58a
00000716
ffffe161
000004c3
fffff16d
00000b2f
fffffcd7
000007f4
00001b8a
ffffeea9
00000351
00001535
ffffe7ec
fffff3ec
0000072c
ffffec43
00001c1c
fffff70d
000009c8
000003a9
ffffed0b
fffff91c
00000b10
ffffe586
fffffd49
0000052d
00000862
00000f44
fffff388
000019cb
ffffe3e2
ffffe224
fffff593
fffff336
00000a12
ffffedd4
0000165f
fffffd4c
ffffecf8
ffffe8f3
ffffed96
fffffbd7
ffffff2a
000009da
00000798
ffffec57
fffffdb6
000010e5
ffffeb09
ffffe511
00001acf
fffffe43
fffffeae
00000833
0000003c
000019c5
ffffe3a1
fffff6f1
fffff8ab
ffffe4c5
00000dbf
00001392
ffffee2d
000017b2
ffffe9c8
fffffc1d
00001be7
0000190d
fffff918
ffffe8bc
fffff231
000017cd
00000a2f
ffffe160
ffffeb8e
fffff9d7
ffffed74
fffffbc7
000006b7
000011b3
00000678
0000191a
ffffffec
00001bab
00001dcb
000009b8
0000178b
00001983
ffffe6be
000012c3
00000b96
ffffe5be
ffffe563
0000167f
ffffefed
fffff4e2
0000034c
00000046
fffffef6
ffffe595
fffffaac
00000d27
00001c9a
000004c2
00000716
000004fe
ffffe0d6
00000b2d
00000a73
fffffe28
fffff5a2
ffffed17
00000998
fffff6b8
0000155b
fffff1a1
fffff1cf
ffffedfd
ffffe918
ffffe8eb
0000144c
fffff203
000003fd
fffff4ce
ffffe78f
00000d13
000004c4
000019b6
000004ec
fffff021
ffffe802
00000441
fffff168
00000e23
000015ea
fffff08f
00000dc5
ffffff42
000017db
000018b5
ffffffec
00000f6e
ffffe879
fffff863
00001c46
fffffccd
00001b7f
fffff8e8
00000da7
fffffd02
00000bca
00001362
000005c2
ffffed49
00000f05
00000486
00001df9
fffff813
fffffdd4
00000a9d
00000e68
00000458
fffffc0a
ffffe1b5
000008f5
000011e1
fffff347
0000048d
fffff7df
fffffb5f
00001c39
ffffe3ea
00001bb8
ffffe47a
ffffe7a4
000016c6
ffffed15
00000599
ffffebf4
fffffbfa
00001b52
00001795
00001094
fffffcb3
00000bb9
ffffe22d
ffffe191
00000149
ffffe16c
0000087b
0000129b
0000016d
fffff114
ffffed3e
000012ee
fffffa05
ffffeb5d
00001081
fffffe16
0000035e
00001a9b
00000a35
ffffed4e
0000129b
000004ca
00001140
00000fb8
fffff2ab
000003f2
fffff4ad
00001606
fffff440
fffffedf
fffff950
00001cbc
00000e91
ffffe29a
00001721
0000169b
ffffe83b
00000f54
fffff362
fffffdc6
00000ac5
000017c2
0000023f
000016ba
000011d5
ffffeb1c
000005bd
fffff649
000018a9
00000cc7
0000106a
00001727
fffffcd2
000000d4
fffffc50
fffff3f7
ffffed8a
0000028e
00001371
fffff87b
00001c48
ffffe5cd
000018f1
00001411
00000439
fffff7a1
0000176e
000013e9
ffffe383
fffffce0
fffff4a3
fffff387
ffffe482
ffffff30
00000148
fffff71d
ffffe581
ffffe477
00000230
fffff02b
ffffe8d4
ffffed96
00001841
000012b9
0000149d
fffffc88
fffff8e3
00000153
000009fb
fffff92b
00000a12
0000125f
0000052f
fffff504
0000180f
00000e1f
000009b4
00000e3a
fffffba7
fffff498
fffff7fc
fffff2b8
ffffed47
00000729
ffffe2e8
fffff789
fffff132
00000568
00000655
ffffffec
00000f01
fffffa11
ffffe0de
ffffedc5
00001c34
00000648
000019e1
00000f5a
0000089e
00000cd1
00001d5c
ffffe2da
ffffe41a
fffffd86
ffffe6ef
00000a4d
00000ea2
0000154a
000018bf
00000b75
00001c80
00001969
0000078a
fffff36c
fffffa65
00000f1a
ffffe841
ffffffc7
ffffecd8
00000b94
fffff7c0
000005dd
ffffef05
ffffee1b
00001db1
ffffe131
ffffede6
fffff3c4
ffffe32c
ffffe135
ffffea85
ffffe69d
ffffe2ac
00001d15
ffffe28b
ffffe689
ffffe8ad
00001547
000011ad
ffffee61
00000bea
000003f0
ffffe572
fffff02b
000000db
ffffe7cf
00000373
00001b2d
000014e5
fffff03d
0000030f
fffffcd6
00001cf6
0000189e
00001ba1
fffff8e7
00000a87
fffffdac
00000eb1
00000c79
00001058
fffff557
00001e5f
00001364
000004fa
ffffee9c
ffffeb27
000007f5
fffffa94
000009e2
0000054e
ffffe73f
fffff33e
00001860
ffffee78
00000123
00000e49
00001005
00001ace
fffffe6f
00000778
0000065b
fffff8da
fffffe01
00001d93
fffff8ad
00000cfd
ffffeace
00001dd2
000000f0
00001b8e
0000059d
fffffd9d
0000166a
00000583
000000fa
fffff9a4
0000093d
000000f1
00001c6d
00000760
ffffe4b4
fffff349
fffffa0d
fffffb6f
000018fc
00001493
00001b8b
00000e3a
000018e7
ffffea80
fffffd27
ffffe856
fffff1d4
000014ab
fffff308
fffff690
0000078a
00001acd
ffffe24a
fffff465
00000c21
ffffe792
00000da1
fffffab5
00001d3d
00000797
ffffe20e
fffff4c7
ffffee76
000007a5
fffff5d8
00000e31
00000ebf
00001ddb
ffffe17b
ffffe419
00001c6d
00001bc7
ffffeccb
00000386
ffffe4cf
ffffea10
fffff1c4
00001d2a
fffff0bc
00001198
fffff1ff
ffffed42
000019f9
00000c5a
fffff6b5
0000177c
000011f7
fffff961
0000139b
ffffe408
000007f5
ffffe2e6
0000004a
ffffe2bc
fffff8f1
00001d62
00000a3b
00000116
ffffec32
ffffe278
000014d7
ffffe36d
00000610
00000828
fffffc1b
00001131
0000091a
000017ab
00001045
ffffe889
fffff4bb
ffffff4f
fffff4fb
fffff1a2
0000132e
00001967
fffff66f
000018ae
ffffe136
ffffeae8
fffff2ff
00001ee9
0000054f
000001bd
0000123e
00001873
ffffe8b5
ffffe966
fffffddf
fffff1be
fffff128
ffffe8f3
fffffb92
fffff9a2
00000103
0000078d
ffffedf0
fffff5cb
00001153
fffff170
fffff424
000011ea
0000075c
0000108d
fffff3ec
00000a97
00001a22
00000912
00001a18
00001d8c
000011bb
00001c90
00000b4d
00000a68
0000127b
fffff690
ffffe818
fffffd7d
00000b1e
00000ad0
fffff287
000013b8
00000e4d
fffff867
00000ed5
00000d01
0000188b
00000dbb
ffffe625
000001fc
fffffa8c
00000701
fffff459
00001c0a
fffff152
ffffefed
00001ebb
00001106
00001624
ffffe902
00000900
fffff0a1
0000179f
fffff012
000019ed
0000011e
00001ebb
fffff667
00001074
00000322
fffffaba
00000378
0000076f
00001eab
00000763
0000000a
00001254
00001970
0000080d
00001c2a
ffffe937
00001662
000008b0
0000131a
ffffffd9
000011b8
00000c59
fffff930
000002fb
00001029
000008a8
000014dc
00000284
fffffcba
00001852
00000cb7
ffffef11
ffffef69
ffffece2
ffffe980
0000088a
00001ccd
000000e6
000003a3
000004ae
00001433
fffff140
00001c3b
fffffc72
00000c02
ffffe733
000010bc
fffff8e9
fffff073
fffffb5a
00000e3f
00001e29
000017bb
0000163d
ffffef7b
00001c96
ffffe86c
ffffea09
00001148
fffff7e9
ffffe205
0000112e
ffffe8f4
fffff055
fffff6a8
ffffe0d4
ffffed58
ffffe3c3
00001c37
00000d09
00000224
ffffeaab
fffff246
000011af
ffffe21e
ffffeb91
00000336
0000010f
0000027b
00001919
fffff6c8
fffff09f
00000104
000016fb
00000123
00000796
ffffed4f
fffff34d
0000184b
ffffef3f
fffffc64
00001412
fffff830
00001883
ffffeb29
0000178c
ffffef8f
000010bc
00000910
ffffe34c
fffff339
000008ce
ffffed59
ffffe586
000000e5
fffffcc9
00000f5d
ffffe3b1
fffff04c
000005c2
00001ebb
00001f28
fffffee0
ffffff63
00001810
ffffec66
0000196c
00000ee4
0000127c
fffff44a
ffffeda2
00000da2
fffff59e
fffff231
ffffe5e6
00000731
00000329
fffff4c8
00000a5c
fffffd1d
ffffeeee
ffffff97
000019ca
00000595
000003c3
ffffe620
fffff0ae
ffffe30a
fffff4af
ffffe7b4
00000aea
ffffecc9
fffff85c
000015e4
ffffeb4b
00001b6d
fffffe36
0000048a
ffffedf6
ffffe7f4
00000b6b
000019fc
fffffb4a
ffffed1e
fffff141
00000d72
ffffea54
ffffea6a
ffffe834
fffffdd4
ffffe945
ffffe60e
fffff7e8
ffffec43
fffff8fb
fffff828
00001178
fffff356
fffff5da
fffffaa9
ffffe26c
fffff41a
fffff2ba
00000ade
ffffe4fe
ffffe849
fffff59f
ffffeee3
00000000
000000b5
fffff208
ffffe374
ffffe69b
ffffe2c7
000005cb
00000671
00001368
00000c59
0000132e
000005b2
fffff92b
fffff986
fffffd08
fffff353
000014ce
ffffe8c9
000004ad
00000cdf
fffff352
ffffe275
00001684
ffffe987
00001d82
00001c24
0000138d
00001eae
0000090e
ffffeb60
0000198e
0000120e
00001886
000003d1
fffff9ce
00001f28
00001878
fffffb46
00000c48
00001c3c
fffff48a
ffffecbf
000011e4
ffffedea
fffff218
00001912
ffffe4e4
ffffe576
ffffe9e1
fffffd0d
ffffe3bd
fffff520
00001f28
fffffb0a
ffffe7e8
fffffab3
fffffd22
000013ca
ffffea44
00000924
000010a5
00001c3d
000008eb
fffff33b
fffff0ca
ffffedae
00001aed
00001908
ffffe688
00000aa2
fffff00a
0000197b
fffff7cc
00000a9a
000018e2
ffffe86b
000003c6
ffffff27
00000bda
ffffe208
00000a67
fffff960
000017e4
000014c6
fffff22e
fffff6b7
000011a9
fffff197
ffffe393
ffffe89e
ffffeec5
00001bd7
fffffa77
0000070b
fffff5b1
ffffee03
ffffe5bf
fffff3e0
00001b03
000017f6
00000dc8
ffffeb25
fffffb2e
0000143f
fffff373
fffffc73
ffffe63e
ffffe66a
00001483
00001bce
fffff130
00001304
00001bdf
fffffcea
fffff217
ffffec43
00001e5d
000003f6
00001494
00000d3d
00000cfd
0000003f
00001e3d
fffff3fa
fffffec6
000013fb
fffff6a4
00001771
ffffe6a3
ffffef0a
000016bb
fffff2a6
ffffe882
000003bb
ffffe598
ffffec2f
00000513
fffff913
ffffe519
0000169e
ffffea1f
ffffee99
fffff3a0
000018ab
fffff197
00001827
ffffe722
fffffb81
ffffffa1
ffffe3dd
fffff74f
0000046c
fffffb5b
00001439
0000096d
00001238
fffff022
fffff156
00001614
000013de
ffffe6ef
00001bd8
fffff8b2
00000a18
00000bee
000007dc
00000795
0000188b
00000d17
00000cf5
00001be7
fffff17e
fffffa13
000006d6
00001c59
000013d5
ffffef60
ffffee3f
ffffe6cc
00000837
00000c8c
000003a7
00001545
ffffeffa
fffff0ba
ffffe3bc
ffffe467
ffffe14c
00000b04
ffffee2f
000017db
00001909
00001706
0000071e
ffffe853
00000596
fffff7be
ffffee93
000001f8
fffff830
ffffe57b
00000156
fffff38f
fffff52a
fffff74a
00000b0a
ffffefd7
00000758
fffffee3
00000e16
00000222
ffffe1ae
000007d5
0000101f
00001497
ffffe6f5
fffff3f9
00000489
0000039f
00001467
ffffea16
ffffe562
00000539
000002db
ffffe8ae
00000389
00000c74
fffffc8e
ffffed9a
00001e5a
fffffc5e
fffffd85
00001962
ffffe641
ffffecf0
00000e6b
ffffe89e
ffffe422
00000e8c
fffff3b1
000005ab
00000001
0000178f
fffffb60
ffffea3a
0000092c
00001cd8
fffff620
0000083c
ffffe344
00001ba9
000018bb
ffffec7e
ffffe641
00001699
fffffc51
00000897
fffff7cb
0000045f
fffffaea
00001918
000010d5
00001880
ffffeebf
00001b16
000005b7
00001a08
00001280
fffffb22
00000cc4
0000044f
00000ce9
0000188c
ffffe31d
ffffeabc
00001b36
ffffe2f9
000007bb
ffffeb7f
0000013d
fffffedf
ffffe35c
ffffefb2
ffffee11
00000318
0000178f
fffff2c4
fffff4fe
ffffefd6
00001119
fffff0c2
ffffef9a
ffffedd2
000014f9
fffff7dc
00001944
fffff498
0000108a
ffffe3c4
00001616
fffffc30
0000162e
00000f74
000003cd
ffffed90
00001051
00001c07
fffff961
00000dfd
fffff0f7
000012b5
00001462
000004d3
00001778
00001494
ffffe0fa
ffffec27
00001ce4
ffffffaf
ffffffcd
ffffe2ab
ffffe5e9
0000037e
00001ef5
fffff624
0000069e
000003d0
ffffef17
000017bb
ffffe56c
fffffa6a
ffffefe5
0000031f
00000abe
00001d4f
ffffecae
000005f6
00000c48
0000148b
00001342
00000c03
00000425
ffffedd7
fffffe85
000019c2
00000a08
fffff70d
ffffe7d0
00001688
fffffc6f
fffffc68
0000199e
ffffef2d
fffff462
000008a6
00000901
ffffee2e
ffffe827
00000d91
ffffff13
ffffe324
fffff5f9
000006f0
000018f2
00000d7f
ffffe438
ffffedfe
fffff119
ffffe49f
fffffe6b
0000079b
ffffe644
00001aef
00001935
00001b23
ffffe598
ffffeede
00000a53
00001d79
000019c0
ffffec08
000019a5
000000be
ffffedb6
ffffeae4
000011d6
000011c5
000019eb
00001a8f
00000854
fffff511
ffffff40
00001c91
00000f5d
00000a38
fffffbc7
00000f4c
000019bc
000011b4
fffff2d1
00001c51
000017f0
00000a53
fffff7dc
00000ad8
fffffd34
fffff113
ffffeb11
00001a0f
ffffe244
000010b9
00000f9e
00001bac
00000c23
ffffef38
fffff04e
000008c1
ffffef8c
00000363
fffff9ed
ffffebf9
00001d79
fffff3ff
fffff793
00001d89
00001a67
00001e5b
fffffc08
00000245
000006b5
fffff865
00001b76
00000dbc
ffffe4ef
ffffe303
ffffe405
00001b03
fffff861
fffffc3e
ffffeb54
ffffe5b6
000004f3
fffffa18
fffff714
00000fd8
00001cd8
ffffe20b
fffff6f2
00001807
000003c4
fffff79e
00000855
fffffec8
00001056
fffff4d1
00001a17
000005dd
ffffe3d0
fffff6b1
ffffff58
fffff514
0000082a
000001ec
000011d5
fffff9db
00000891
00001776
000002f1
fffff5fe
00000673
ffffe85f
00001151
00000b86
fffff7ea
00001099
00001336
00001b3b
00001bb3
fffff869
ffffe587
fffffce0
fffff311
00000e86
00001bf2
fffffbc6
0000017c
00001f15
000005eb
fffffead
00001481
ffffeba6
00001c5b
0000121d
00001266
ffffe77b
00000313
fffff682
fffff503
ffffeb62
0000129b
0000113c
000009b0
000014a3
ffffe8e2
00001023
ffffef55
fffffb8f
ffffefe5
000010d2
ffffe897
0000193f
ffffe7d8
fffff512
000015c4
fffff62d
ffffeead
000015d0
00001d79
00001609
00001135
fffff58d
fffffc98
00000686
ffffe412
00000709
ffffe4d3
ffffe1f5
ffffecef
0000064a
0000032b
00001865
ffffe354
0000132a
0000041e
00001943
00001a55
00000787
000019e5
000012bf
fffffd15
00001cdc
000015a2
00001498
ffffece5
00000536
ffffec3c
fffff8bc
ffffea7c
00000474
00000bcb
000014ac
fffffe17
00001cd3
000006c9
ffffe7d6
00000395
00000a16
00001289
000000b9
000018e2
fffff1b7
0000139f
ffffee1a
fffff425
00001478
fffff0ff
ffffed42
ffffff00
000019a2
fffff2bb
00000a07
00001463
ffffea49
fffff8bf
000010a5
00001bfa
000000f8
ffffedb4
00000331
00001519
00001542
000012c5
00001e34
000008cf
fffff868
fffff1df
00000cfa
ffffeb01
ffffe723
fffff3af
0000013b
00001601
000001d2
fffff6a4
ffffe4d2
fffffd6e
fffffbca
00000c23
00000f7b
fffff9bf
ffffe358
ffffefed
fffff403
fffffd8b
00000a98
fffff53a
ffffe76b
000013c0
00001095
fffff4d6
fffffef5
ffffec60
00001c5d
ffffea57
00000a58
ffffeaf9
0000021b
ffffe61e
000018b6
ffffeccf
0000037a
fffff4e7
fffff31e
00000ee3
00000617
00000ce0
ffffeea1
fffff16e
fffffbf5
00001983
fffffa01
fffff9b5
00001eb5
000014f9
00000231
fffff15a
fffff2b5
00001056
ffffeef3
00001e19
0000135f
0000177c
000008bd
00000f27
ffffe1da
fffffaeb
fffffc26
fffff2ab
ffffe584
0000025e
0000106a
fffffa27
00001bae
00001781
ffffef1b
fffffd1d
ffffec27
ffffe327
000013b4
00001504
00001e27
ffffeb67
ffffe39a
fffff1e0
ffffe29b
0000037d
00001200
fffff886
00000859
ffffede6
00001ef7
ffffefd4
000005ac
00001180
00000041
0000063c
0000055b
ffffef8b
000011df
ffffeaad
000018ca
00000cda
0000183c
00001ba3
00000958
fffff659
fffff1fa
0000004a
ffffe895
000008f2
000008e6
fffff0d9
00000858
fffffcda
ffffeb7f
fffff2df
fffffcfd
000009eb
000009ed
ffffe528
00000044
fffff9cf
00000993
fffff891
000004ce
ffffeb1e
ffffe35b
fffff6ce
00000df4
00001536
fffff54e
fffffaad
000002d6
ffffe8b2
00000611
fffffa7c
ffffe7ad
000010fb
00000ee0
fffff73d
000001bb
00000a94
ffffecd7
00001d4c
ffffeea7
fffff15c
0000068b
ffffe579
00001499
fffffd46
00001535
0000084c
fffffe45
ffffea3e
fffff1bb
0000109e
fffffa70
000016b3
00000412
ffffebb9
00001097
fffff18d
ffffe29a
000008f3
0000032b
fffffa42
00000a4c
ffffe3a4
ffffe4b8
00001cde
00001d70
000005a1
00001ca9
ffffeaf0
000017d1
000003ad
00001b20
ffffff9c
ffffea64
ffffe784
000019ec
fffff1d7
fffff4ca
fffff93b
fffff7c0
fffff9ee
ffffe450
00001a95
000019bc
000013b9
00000a7c
fffffaf2
00001a9b
00001ef9
00000e3a
00000b95
000006ba
ffffe8cb
00000596
000017c4
ffffeb0d
ffffec63
fffffdaf
00001a37
00000539
00001dad
fffffbf9
ffffe178
00001772
ffffe1f0
fffffdb7
00001557
ffffe402
0000126d
ffffee38
00000903
0000032c
00001246
00000ee1
00000fd0
00001906
00001e18
fffffb1e
00000b0e
00000b98
00001bc8
ffffe7ce
ffffef07
fffffa67
0000100f
fffff606
000003e9
00001ef9
ffffef11
ffffe9f6
000010d5
000007a0
0000124d
00000e60
00000916
ffffe158
fffff6eb
00000052
fffffa4f
0000165f
ffffe96b
fffff2fc
ffffec42
00000876
ffffe63e
000005f1
ffffee33
00001bed
ffffedf1
000016b5
ffffe156
fffff029
00000813
fffff198
fffff3c4
00000ce0
ffffeaf1
00001d04
fffff152
ffffebd0
00000e61
00001bfd
ffffe5f2
000013cd
ffffede4
fffff1f0
000011e1
000002f9
ffffe70a
fffff6db
00001bdd
ffffee12
ffffee42
fffffcdb
fffff615
ffffece2
ffffe684
ffffed1c
ffffee94
00000345
00000038
00000bae
ffffea8b
ffffe80d
fffff5b8
00000828
0000141a
00001bc4
ffffe2ba
00001404
ffffef20
000011e6
0000082d
ffffee1a
00001767
ffffe54a
000000c2
fffff72c
fffff4a3
fffffc80
0000195e
ffffeea5
000001b8
ffffecad
ffffea11
ffffee60
00001e50
00001ef9
000016e1
ffffe3e2
ffffe272
ffffe625
ffffe424
000007f2
ffffecf3
ffffe638
00000f05
ffffe81a
00000bcf
fffff85f
ffffe52c
000005ed
fffffff4
000012f9
fffffbbc
00000eb4
fffffd4a
ffffff97
ffffef27
ffffe9b1
ffffea0b
ffffea81
00001739
00001e17
00000213
fffff3c9
000012a4
fffff9af
00000a78
0000133b
00001218
ffffeccb
00000d82
ffffe378
ffffe243
00000930
000004e6
00001c06
00001906
00001c02
00000f1d
00000acd
fffff70d
fffff370
0000065c
ffffecbd
fffff201
000011d5
0000072c
fffffbe5
000019d4
000004b7
00000cf8
00001f1e
00000888
fffff4bf
000007a2
0000142a
ffffeb02
fffff867
fffff7b4
fffffa1e
00000167
00001812
fffffb43
ffffecf4
00001670
000019bc
0000004c
fffffa94
0000026a
000014a7
fffff657
00000c7d
fffff444
0000123e
fffff8f3
fffff422
fffff337
fffff7ab
00000868
000013c3
00000322
fffff2cd
ffffea04
0000114f
ffffef92
00001a74
fffffcc8
00000eaf
ffffea2d
000013c3
ffffe57b
fffff951
00000f45
00000de9
ffffed63
ffffe4bb
0000187e
00000329
000000e6
000014da
00001cb3
00000651
00001588
fffff121
00000909
000006c0
fffff4e4
ffffe62e
ffffec64
ffffe210
ffffe429
fffff5dd
00001ea5
ffffe1e6
000016e9
00000817
00001e51
fffffdec
ffffe2fe
fffff05d
fffffecc
ffffe930
00001ddb
000002cd
000012b8
00001bfd
00000d4a
000012b8
fffff41f
fffff235
ffffe431
fffff1b5
0000004d
000007ca
00001d74
000012dd
fffff7b0
ffffee2e
ffffed53
00001546
00000135
000017d7
ffffeae4
00000f65
ffffec4c
ffffe487
fffff736
00001bb9
ffffeb02
ffffe484
00000215
0000101f
fffff585
ffffe25e
fffff0d8
00000ae2
00001e0f
ffffe744
ffffe0f2
00001a20
00000926
ffffe59d
00000743
0000027c
00000661
00000df7
ffffe802
00001c43
00000559
00000375
fffff966
ffffe672
00001768
fffff544
ffffe224
000015de
fffff1a5
ffffec65
ffffe111
fffff018
000008d6
ffffff08
0000179a
fffff8bf
00000a1e
00001430
fffffe70
00001c94
fffff6d0
00000649
ffffe96b
0000063e
0000169d
fffffedd
ffffe707
ffffe973
ffffe1bb
00000d95
ffffebfd
ffffe6f7
00001b19
fffff3a2
00000328
ffffee6e
000001c6
000006b8
ffffe41e
00001d6b
00001ab0
00000f16
fffff8a9
00001d74
fffffe93
fffff0b4
000007f1
00001651
fffff60b
0000015d
00000f5a
000002f6
ffffe38c
ffffebc3
fffff2bb
00001a06
ffffe2b7
ffffe6e1
00001542
ffffe5ef
fffff827
fffff09d
fffff7a0
000006c3
ffffe3be
00000890
000000dc
00001e51
00000a01
fffff114
00001461
fffff2e6
ffffe559
fffff124
fffff105
fffffe51
00001098
000018d5
fffffe4d
000012ae
ffffffb6
00000a3d
00000347
ffffff46
00000104
00001399
ffffec84
0000025f
ffffea66
ffffe7a7
00000cc2
ffffe8a7
00001e1b
0000129b
0000133e
000005f7
00001902
ffffeb24
ffffeed2
00000efe
fffffa50
fffffa30
ffffe500
ffffe0ec
00000225
fffffec0
0000146e
ffffec3d
fffffe8a
000009f7
000013ec
fffff3d7
ffffe782
ffffea0f
0000168c
ffffe5fd
00001b6a
00001505
00000629
fffffe15
00001757
00000128
fffff7bb
00001564
000008b2
00000432
fffff97c
fffff16c
ffffec60
000006e6
00001ea3
ffffee3f
fffff111
00000691
000010e5
ffffe126
00000a1b
000019c1
fffff342
ffffe209
00000d10
fffffe9d
0000177e
fffff265
000016d3
000002e3
000009c0
fffffd1c
ffffe2f9
00001dd8
000016af
00001e0d
fffffeb5
00000e5e
0000118d
ffffe486
ffffffa3
fffffa45
ffffe3ac
00001eab
fffffce4
00001cb2
000006c5
fffffe4e
ffffe943
00001dae
ffffe67f
0000105e
00000b67
fffffd98
0000008d
0000019d
ffffff8c
00001192
000006ed
fffff305
fffff9f6
00000391
ffffe1f0
000012da
fffffd66
ffffe484
ffffe667
00000e6b
fffff810
fffff98d
000003ab
fffff0ca
00001ecd
fffffb33
fffff65c
ffffe1d1
ffffe29b
00001e36
fffffc97
00001649
00000367
ffffff51
00000cd3
0000038e
000001b3
000018ec
000009f6
00001966
000016be
ffffe590
ffffeb03
00001951
ffffea91
fffffa3a
fffff536
00000c00
00001b75
fffffc98
fffffea3
00000b98
000004bb
fffffac4
fffff70c
00000a23
fffff8bf
00000ae3
fffff800
000009b0
fffff111
ffffff4e
0000108f
ffffea6a
ffffe992
ffffe935
ffffe3b0
ffffec06
fffff947
00000174
00001069
fffffce4
fffff93f
ffffe5d5
fffff1bc
0000189e
ffffea1f
000000a3
fffff95c
fffffd68
00001e85
ffffe2c6
00000e46
00001a6d
00000421
ffffe6a6
fffff72f
ffffe8d5
000002e6
00000a67
fffff4a2
fffff280
fffffeb2
00000494
fffffca0
000008eb
0000137b
fffff35c
fffff2fe
fffff323
00000786
0000125e
00000bc9
fffff17f
ffffe326
00001ce1
ffffeee5
00000d3e
0000144e
000008bb
00001ab7
00001635
00000228
000010fb
00001540
ffffe850
ffffe12c
00000539
ffffe327
fffffb31
fffff456
0000052a
fffff9f9
000007cf
00001868
0000004a
00001243
ffffe6e5
000003e1
00000a89
ffffe30b
000006fc
00001ecd
fffff231
ffffeba8
ffffe5b6
00000e37
00001a47
00000569
00000c1b
00001db7
000001ba
ffffe8df
00001ecd
00000e9a
ffffec7b
000007d0
00001294
00000f07
ffffe35c
00000999
fffff7c7
00001bf7
00001c86
fffff0e1
ffffed35
000005b7
ffffea9c
ffffeb72
ffffee53
ffffe111
ffffede1
ffffe38c
00000949
ffffebce
fffff00f
fffff6f6
fffffe59
ffffe109
000017af
ffffed67
ffffe821
ffffe1ac
ffffec6f
ffffe296
ffffec72
fffff5e9
000002af
00001059
fffffe2e
0000125f
ffffedca
00001b76
0000066c
ffffeac3
00000583
00001944
ffffea25
fffff848
fffffdef
00001b5e
00000465
00000e6b
000005c1
000019d3
fffff1af
0000009d
fffff41d
00000b26
ffffea1d
000003ae
fffff672
000006b2
ffffe5ee
00000f1d
fffff41c
000010bb
ffffeb3c
fffff51d
00000e5b
ffffe95a
ffffef4f
00001bec
ffffe6a9
ffffe46e
fffffaae
fffff524
fffff363
ffffe958
ffffe50f
00000984
00000e58
fffff03c
00001d5d
ffffffc2
fffffb7f
00000162
ffffebf3
ffffe4bc
fffff50c
00000902
00001968
00000ad8
0000192b
000008cb
00001324
fffff64b
fffff167
ffffea59
00000983
fffff543
0000011d
00001c67
ffffeea6
000011e6
0000105d
ffffeb0e
00000aca
00001ac3
00001d21
ffffe112
ffffe306
0000123a
00001eb7
ffffe9b9
00000c71
00001ae6
ffffec9d
fffff2c5
0000136a
fffff40b
00001507
ffffe9e1
fffff8db
0000093e
000001a9
0000108d
0000168d
000016ee
0000199a
00000c23
ffffeac9
000015d9
fffffc21
fffff911
00001bb4
0000156e
fffff32c
00000e8d
ffffea3a
ffffeae0
00001736
fffffd83
ffffe0fd
00001511
000018b2
000008a8
ffffebda
0000000b
fffffa7f
fffffbb7
000016bc
fffff00f
ffffe139
00000e15
000011fb
000010d1
ffffe6b2
00001a8b
000008c7
fffffd57
fffff840
fffff960
fffffb8c
00000d9a
000016d3
00000065
000007da
000001bb
ffffeca2
00000b99
ffffeb6d
00001640
fffff983
fffff4ac
fffffb85
fffff6cd
fffff48d
0000118c
ffffff81
ffffe868
fffff444
00000642
ffffe6f2
fffff13f
0000114a
fffff626
00000821
fffffd94
000017fd
fffff2d1
000007ae
00001a8d
ffffe6e3
000015bb
fffff404
00000837
ffffe860
ffffea7b
00000ead
fffff758
ffffe587
00001315
fffff9c9
ffffff25
ffffe693
000014ee
00000e3c
fffffb9e
ffffee17
00000b31
0000019d
00001b77
fffff128
fffff9eb
fffff648
fffff771
00000130
00000f1e
0000014c
00000c64
ffffe307
ffffe184
0000013b
000019c0
fffff4a7
000016cc
ffffeeb1
0000004d
ffffe335
00001445
0000057d
ffffe5b0
fffff822
00000c7e
00000323
fffff566
ffffef1c
fffff5e4
ffffebb8
fffff663
ffffe2fc
00000ded
fffff1c8
00001b56
000001b6
ffffe860
ffffe52f
ffffee88
00001aed
fffffa17
00001af7
ffffe2f1
00000d88
00001ab8
000018d1
ffffe747
00001469
0000093c
00000031
000011ad
000009f0
ffffed20
fffff089
fffff6c8
00000e78
fffff1f2
fffffd60
ffffe7a8
00000965
fffffb97
ffffee92
0000112f
00001b0e
00001306
fffffa36
00000740
00001b56
00001b05
fffff436
fffff903
000008a8
ffffe971
000014b7
ffffeb65
fffffb1b
fffff95f
00000e9f
000012bf
ffffeab2
fffffa62
00000e66
00000c67
00000f4e
ffffe992
ffffefc4
ffffee0a
fffff271
fffffc76
00000abb
00000f2c
fffffde0
fffff126
0000001f
fffff419
00001099
0000190e
ffffea09
00000008
fffffc05
fffff401
fffff6c4
fffff475
0000113b
fffff329
00000aba
000003fe
ffffe19f
000011eb
000003c7
fffffd89
fffff18c
000002ce
fffff390
000011b0
ffffe395
00001249
fffffb50
00000ae3
fffffc55
000007aa
ffffe659
00000628
00001403
00001898
00000179
ffffe65f
00000b7f
fffffd77
fffff0ee
00000962
00001103
00000076
ffffe442
00000d1b
fffff2e7
ffffe2bf
ffffef98
00001b41
00000676
000015f4
000001d4
fffff82e
fffffb89
fffff786
00000d08
fffffda5
00000d07
00000486
00001169
fffff63c
000017f4
00001801
00001b56
000011b2
00001419
000013b2
000018e9
fffffb4b
fffff665
00000843
00000bcd
ffffe2cd
fffff254
fffffe53
ffffe588
000006ed
fffffbed
fffff40b
ffffe1be
0000191a
ffffe926
ffffeb0b
00001a2e
00000fae
00001952
ffffe3d6
00000f6e
0000081c
ffffe488
ffffe60c
fffff1e3
ffffff27
000016d6
000004bd
0000088f
00000de4
00001909
000011a7
00000b3e
00001b0f
ffffe102
00001345
00000423
000006bb
000005c9
ffffe302
00000f1c
fffffca1
fffffc78
fffff468
000008cd
ffffff77
000007f6
000003b6
fffff1ba
00000a16
00000fcf
ffffe0ee
ffffef5e
00001b86
fffff540
fffffa19
ffffe4af
00001b94
00001dd9
fffff090
0000193a
000000b1
fffff045
000012cb
00001863
0000037e
0000072b
00001947
00000769
ffffe1cf
00001cb8
00000ff2
fffff5f1
000019d4
00000351
000002ff
00001e1d
00000df8
00000517
00001082
fffff083
00001b2f
00000b77
00001b2b
00001b86
00001232
00000164
ffffe605
000007d8
00000428
fffff39b
fffffc56
fffffad0
000000fc
00000e69
000001d7
00000f33
fffff983
000003d4
fffffbf1
0000002e
00000458
00000acf
ffffe586
0000086c
00001aed
fffffbbb
ffffe92f
ffffe243
ffffe5f7
fffff3a6
fffffca6
00001317
00000c8f
00000dae
fffff16d
fffff104
ffffe7e8
00001b92
fffffca4
000009aa
0000033d
fffff11b
00001bff
ffffe0ef
ffffe777
fffff6d5
fffffe39
000006e8
00000374
0000177b
00001181
fffff61d
fffff75c
00000677
ffffecd4
00001999
ffffebb8
00001954
ffffe251
0000160e
00000863
000008f2
ffffeb8b
00000668
ffffedcf
00000d7c
fffffa3c
fffffa57
ffffe4f3
00000f9c
000004da
ffffe23c
fffffef6
00001b17
ffffe1a6
00000d93
00001d7b
ffffe17a
00000c2c
00000d18
ffffe1bb
000004f3
00000d8c
00000743
fffffefd
00000956
00000a57
ffffe880
0000069b
ffffe342
fffff02a
ffffedf3
00001f0c
ffffe5cf
00000de3
ffffee45
fffffc7f
00000e04
ffffe8b9
fffff59a
ffffe571
000004a1
fffffd19
fffff0cb
00000791
00001702
000006a5
ffffe51c
00000bfa
00000334
00000972
000002b4
00001dcf
00001197
00001e23
000017c2
000013fa
00000f20
ffffe1da
ffffe7d1
ffffe17d
0000108f
fffff674
fffffe8e
ffffe536
fffff0f3
00001ea7
0000105e
00001ba9
000012b2
000018bf
ffffff27
0000080d
000014fd
00000f0e
0000142e
00001c91
00001104
fffff2c7
00000b5c
fffffe32
0000046a
fffff670
00000047
0000110a
fffffe2d
ffffea35
fffff8c0
000006ec
fffff3dc
fffff399
ffffec3c
ffffeaba
ffffe758
ffffe843
ffffe858
ffffe724
0000195f
fffffd4e
fffffeb1
ffffe763
00001a5b
00001af6
0000141d
ffffeb06
fffffe22
fffffde3
00001bb5
fffff24c
fffff581
0000032b
0000058f
fffff855
00001ce2
00000ac0
ffffef54
000018e7
000014df
ffffe37e
fffff7fe
fffffaca
fffff7cf
ffffff64
0000151f
ffffe2d5
fffff3ff
00000232
fffff9a2
ffffed18
fffffc8e
ffffe759
fffff1c5
fffff54f
ffffe1cb
00000f90
00001e02
ffffe73e
ffffe181
fffff6dc
fffffddc
000001a6
000004e0
00000e9f
0000006b
000006b8
fffffae0
ffffe63d
ffffe2a4
00001236
000009b9
fffff7b0
ffffe47b
ffffe18e
fffff65a
ffffe1ff
ffffe634
00000604
fffffdcb
00000b3a
00001d4e
ffffeeb0
ffffeec2
fffffc5a
ffffffa3
ffffecbb
0000007d
00000813
00001e02
ffffed67
000013e2
fffffe00
0000026c
fffff0f9
fffffdfd
00001cf7
00001d84
ffffef17
00001f0b
00000833
00001789
ffffe4a7
0000128c
00000c7c
00001469
ffffed4b
00001e30
fffff864
00001219
fffff447
ffffe575
00001cd4
ffffe458
fffff39e
00001931
ffffe67e
000015f8
ffffff3a
0000051d
ffffe84f
000014db
ffffe218
00001ba5
000006f3
00000316
0000135e
000013f0
00000a13
ffffff00
000002ba
fffff7e1
000009fb
fffff97b
fffff132
ffffef5f
000008b2
ffffe8ee
ffffea25
ffffed54
ffffeb07
00001866
fffffd7d
ffffec78
fffffb9e
ffffeb04
00000320
fffffaef
ffffe870
0000121d
fffff718
ffffee97
00000473
ffffe441
ffffecb2
00001af2
00000db7
00001c73
fffff153
fffffae5
00000aff
fffffee5
0000033e
00000ce5
00000bb2
00000eea
000012df
00000915
fffff84a
000008cb
ffffeedc
00000204
000019d9
fffff371
fffff1ef
ffffee89
000016cc
0000120b
000012d2
00000725
fffffd46
00000bb3
00001737
fffff0f1
fffff7f2
00001e95
fffff338
00000802
ffffeff8
ffffe0cd
fffff687
000007b6
0000034c
ffffec10
000005ec
fffff4cc
0000187c
fffffa43
ffffffc6
ffffe347
ffffeb3a
ffffe33b
0000161b
fffffe15
00000769
00000de5
00000e35
0000011c
000004c9
ffffec0f
fffff60f
ffffe3d5
ffffeb14
000006e6
fffffe88
0000069c
ffffecd3
ffffeb82
ffffebcc
000002b0
000014c4
00000e82
fffff1b3
00001e47
00000531
00001730
00001449
ffffe72b
ffffff4c
ffffe4ec
ffffedc5
fffff2e5
fffff9ac
00001369
fffff9d5
00001982
00001078
00001c88
0000047f
ffffeddb
00001efb
000001e5
ffffe4a4
ffffeda6
00000413
fffffcc8
000004a9
00001026
fffff92d
000015e2
ffffe0dd
fffffc73
00001dc1
000004ca
000002c3
000005fc
ffffef26
00001bfc
0000137e
00000f12
00001abd
00000cf8
fffff035
fffffede
ffffebd4
ffffe7d8
0000021f
00000f27
ffffe740
00001845
0000096f
00000677
fffff233
fffff971
0000011c
00001a0a
000003d9
fffff3d3
ffffe407
00001e67
00000e09
00001886
00001888
fffffad6
00001083
ffffe104
ffffe140
000001e5
000011dd
ffffe1b1
00000c9d
ffffffb7
000007eb
0000091e
fffff6c4
00001611
ffffecab
ffffe139
fffff801
fffff69d
ffffe0df
fffff81c
00000894
000005a5
00001a46
fffff282
ffffe488
00000d72
ffffe768
000006f5
ffffea0a
fffffba3
ffffe524
fffffdb3
fffff87c
ffffe1b4
000003f0
ffffeca9
ffffed85
00001e03
000001e8
fffff4ff
000003d0
fffff639
00000e16
0000009b
fffffa20
00000cd0
ffffe2d3
00001bef
0000016f
ffffe8b6
ffffe268
00000568
ffffe2d8
fffff5db
0000047b
ffffe658
ffffe79f
fffff693
ffffecb0
00000990
ffffeff2
ffffec5f
00001822
000005c2
fffff3cc
000019c1
000009ef
fffff795
00001383
00000c97
00001be4
0000113e
000017e8
ffffff82
fffffbe3
00001ca2
fffffbb5
ffffeef7
00000a02
000010d5
00001161
00001ed3
00001a62
ffffef8b
ffffe9fb
000008d3
ffffe7ea
00000116
00001b17
fffff8a6
00001cd9
00000085
ffffeccf
fffffc9f
fffff560
00000b2a
000003b5
fffff8f1
fffffa4f
ffffe0f9
00001da8
0000151e
00001095
00000b5c
fffff077
fffffa27
0000159a
ffffe334
ffffe3cd
00001ade
fffff93f
00000707
00000a07
00000209
ffffe7bb
00000f28
0000024a
000003d2
ffffe43f
00001b2f
0000119d
00001482
00000e34
ffffec3a
fffff642
ffffe793
00000af3
000017f4
00001270
00001a85
00001400
00000345
0000142b
fffff7ae
ffffe4b2
00000fd6
00000f1e
00000ef0
ffffe5d7
000017c3
00000c18
00001c90
000012e2
00000c75
ffffff09
00000135
00000461
fffff8d2
ffffe115
00000ae3
ffffee94
fffffdd1
00000bfd
ffffe8ee
ffffffc5
00001c1b
000004a3
ffffe0e6
000000b1
00001def
00000fd7
00001d2c
00000d39
000006e5
ffffe48b
fffffdd3
000008d0
ffffe97d
fffff385
00001525
fffffb3f
000012dc
fffff68e
ffffe41b
fffff8a8
00000e2f
fffff8a0
ffffe3e1
000010fd
00000076
ffffe930
fffff6a0
ffffe25a
fffff708
00000d43
00000e39
fffffd7f
fffff0c3
00000b96
ffffe744
00000110
ffffe2d8
00001443
00001180
fffffec1
00000e7e
ffffe5da
fffff17f
00000251
fffff6f1
000000f9
00000a5c
ffffe9bf
ffffe495
00001ee9
000013ec
fffff2f4
00000320
fffff5dd
fffffc51
0000129c
ffffe10c
0000013c
00001846
0000186a
ffffe737
00001be5
00000dbc
00001b9d
00000c67
000001da
fffff981
00000444
fffffe9f
fffffb37
00000e63
0000051c
00001304
000001c0
ffffe900
ffffff33
000018e2
ffffe8d9
fffffe4c
ffffe82c
00000770
00000e16
00000c61
ffffeb24
00000334
00001647
fffff307
fffffcb1
000004cd
000007a5
fffffbf6
fffffb54
fffffbbd
fffff688
000006f6
fffffa4d
00001937
ffffe2fa
ffffeaea
000011c1
ffffe64f
00001a59
fffffb58
00001902
fffffcba
fffff8fe
00000e00
00000ccc
fffff9cf
fffff744
00000032
00001706
fffffad9
00001592
ffffe43f
ffffefd2
ffffff79
fffffb78
00001aaa
ffffe579
fffffe3b
fffff66b
00000d67
00000235
fffff553
00000802
ffffe0fa
fffffcef
00001bdb
fffff512
00000cf3
00001d40
ffffe93a
fffffdde
00001d24
0000173e
000016bb
0000032e
ffffeb38
fffff6d8
0000091f
00000ca7
00001134
ffffeb2d
fffff7a9
ffffea9b
fffffa72
000002e4
00001ad5
00000abe
000007c8
fffff16a
00001435
0000173f
00001c76
ffffee27
00001195
fffffd4d
0000049f
fffff203
fffffbb4
fffff412
00001575
00001dc4
fffff035
00001e75
ffffe155
00001b61
00001894
ffffe9a3
ffffe2e1
fffff3eb
00001d67
fffff3f7
ffffe51c
000005c1
ffffe136
ffffff1e
ffffeb85
ffffff56
000013b4
00001ea6
ffffe5d9
00001021
00000f23
fffff0f2
ffffef7e
00000963
0000139a
ffffec2b
ffffec2f
fffff229
fffff446
fffff943
ffffe4a3
fffff5e3
00001c3a
00001a72
ffffe5c2
ffffee8f
00000c1c
ffffe92f
000010c5
ffffe11f
fffffbff
00000589
00000e6e
ffffffeb
00000d95
00000def
00000d79
ffffe2c9
fffff6ad
00001326
fffffb5b
00001233
ffffed01
00001068
fffff1f3
ffffff83
fffff216
ffffed6d
ffffeb3f
00000118
00000d38
fffffda7
fffffdee
ffffedca
00001cbb
ffffecde
00000000
00001d7a
00001251
000008ce
00000c14
fffffda5
fffff761
fffff5b0
fffff7b9
00000837
ffffe23f
000010b3
000006cb
fffff388
fffffacc
fffffb4d
ffffea5c
ffffeb7c
ffffe4c0
ffffe71a
00001bad
00001a1e
ffffe69f
ffffe819
ffffeb97
ffffeee5
00001ea6
00000482
00001cf8
ffffe723
00001ae7
ffffecb1
fffffbb1
ffffef38
fffff26c
00001cf1
ffffefc4
000018a3
00001e62
00000123
0000048f
000009ef
fffff4d5
00001793
00000da8
000000d5
00001080
fffff9c4
ffffe651
ffffe23d
00000685
fffffddc
00001e9a
ffffe35c
00000031
00001afc
ffffe369
fffff771
00000e43
000012e5
000005d0
fffff639
ffffefb7
fffffcf8
ffffee1b
ffffe5b1
fffffa4f
00000921
ffffefbb
fffff8b0
00001ea6
ffffe290
fffff594
000018ce
fffff9a9
fffffb22
000005d0
0000181d
000018a5
000012ab
00001027
fffff943
ffffe438
ffffffd7
000013b9
fffffdc9
00000837
0000061d
00001afa
0000010e
00000219
fffffeb5
ffffeb75
000013d3
ffffee62
fffff150
00001bcc
000005a9
ffffe3ce
000004f9
ffffe8e8
fffff7df
00000ef4
000004cb
00001e11
00000238
ffffe0f5
fffff67b
0000078d
ffffe0db
000013d1
fffff794
0000059a
ffffe3bb
000001d2
00000f8d
00000f90
00000b3a
ffffefdb
00001a2e
fffff55d
0000064c
0000133b
00000320
fffffd0f
fffff4a8
ffffefc6
ffffe5e8
00001164
000005be
ffffe252
00000617
fffffa77
ffffe58d
fffff025
00000ea9
0000121f
fffff9a6
fffffbc5
ffffee57
00000f00
00001d1b
0000008f
ffffeced
fffffbeb
fffffbb5
000018e5
fffff9c9
fffff3ed
000000b8
00000d6c
00000b54
00000676
ffffe70e
00000497
00000363
fffff833
ffffe577
fffff107
fffffe02
fffff22a
0000168c
ffffe236
0000005b
000013dc
ffffeee9
ffffe852
fffff420
000011ad
0000064a
00001e59
00000beb
ffffe1bb
ffffe18d
fffff77b
ffffed72
ffffeb40
0000028c
fffff9e2
fffffcfc
fffff2f5
ffffe5e0
ffffea77
ffffecd0
ffffe7af
000009e0
ffffeb63
00000f25
00001068
00001418
00000feb
00001efd
ffffe141
00001794
000007b7
00001450
ffffff49
00000577
fffff434
fffffdb2
00000e60
fffff35e
00000210
0000138e
ffffedef
ffffe7e8
00000573
fffff806
00000caf
ffffe2b3
00001c44
fffff418
fffff8b6
00000ac2
000006f5
ffffea7e
000011ea
00000aba
000013a8
00001696
fffff17a
00001d2e
ffffec73
ffffe916
ffffe5af
fffff32c
0000027d
ffffe935
00001179
00001a8b
ffffee23
000009d2
ffffe2e7
ffffe507
ffffef83
00000b41
fffff6c6
ffffe88b
0000030f
00000ff1
ffffe3da
00000bc7
00001130
000012c4
ffffebd5
ffffe52f
00001ed6
fffffc56
ffffe439
fffffd74
000012fc
ffffe92e
0000172a
fffff4b0
ffffe17f
fffff84b
ffffef24
ffffecff
00000d69
0000104d
00001efd
fffffa6c
000006e4
000016c6
00001827
00000123
00000b3b
fffff5e4
00000170
000011cb
00000dbd
fffff96a
00000b1c
ffffe8eb
fffff0ef
ffffe344
fffff6f2
fffff135
00001759
00000f64
fffff0b4
fffff496
ffffee51
000013be
000002b8
00000c18
000013b3
ffffe6ad
fffff862
00000ac4
ffffed65
fffff5f8
00001e3e
00001cbc
fffff441
00001045
ffffeb49
ffffe991
0000037e
0000037a
fffff334
00000cb7
ffffe9f2
fffffcbe
00000c10
00000f12
000012ba
00001dea
00001645
ffffe81c
00001efd
000010ff
000018e9
0000097d
00001076
00000f3f
ffffffb1
00000953
ffffe3ad
fffffe22
fffff132
00000e14
00001467
00001432
fffffe43
fffffdf3
ffffe221
000005c4
ffffff28
000002ba
fffff183
00000876
fffffc06
ffffe5d6
fffff49c
ffffeee0
ffffe9bc
fffff992
ffffed90
00001ef5
fffff996
fffffbef
fffff983
000015f3
00001405
ffffe412
000003b9
00001ab0
000005f9
00001acb
00000aa2
00000f77
fffff561
fffff3df
fffffe22
00001736
fffff49a
00000488
fffff9b1
fffff207
fffffc15
000019bb
fffff3ce
00001794
0000054a
ffffe61d
00001291
0000027c
fffff668
ffffe4af
ffffe6a9
fffff512
ffffebaa
ffffe5fe
000017d2
00001aad
000018c0
000018c6
fffffdd6
fffff792
ffffe84d
000019df
000011e0
00001db0
0000068c
00000dcd
00000c3b
ffffe6da
00000665
fffff385
fffffdba
00001754
00000e72
ffffebba
00001ea2
000004c4
00001df8
ffffe1e1
ffffe88f
0000075a
ffffe2f2
ffffe838
ffffeab2
00000521
ffffee3a
ffffe5c8
00001b63
ffffe109
fffff79a
00001459
00000556
ffffe4e0
00001cfd
00001c9b
000004cb
00000066
fffff5ac
ffffe8ae
000013cc
0000089e
fffffa15
00001dd5
ffffea4b
fffffc98
00000e94
00000796
00000ec9
000014af
fffffb08
00001b9d
0000018b
00001e7c
0000133b
fffffaee
fffff564
00001b4e
00001b88
fffff9c3
0000193d
fffffe93
00000e7d
fffff213
fffff124
ffffe63e
ffffe58c
000003a4
fffff8a4
ffffffde
00000c79
00001797
ffffe61d
0000149d
00001157
00000ec2
000002b5
00001b6c
00000d3d
00000cce
00000470
ffffec20
fffff4f5
ffffed18
000014c8
000018cc
ffffec2f
ffffee0a
ffffeaf2
0000109e
000017a7
fffffccd
00001014
fffffd91
000018ae
fffff808
00000d5d
ffffffdb
ffffe33e
00001325
0000072a
00001a0d
ffffe7c3
ffffe666
fffff523
00001a1d
ffffe9f0
fffffa57
00000a45
ffffe95f
000011a4
fffff949
fffff0cc
fffff134
ffffef72
ffffe253
fffff7dc
ffffee7e
000009f7
000007d1
00000ecd
00000929
ffffef0e
ffffe698
ffffe84a
00000b0a
fffff344
ffffe6dc
fffff467
ffffe4ac
00001d7e
ffffe4ee
000008be
ffffead3
fffff372
00000257
00001614
fffffeed
00000e56
0000097b
00000b63
ffffe6cd
00000a47
000001b6
0000087f
fffffb45
ffffe62e
fffff9b5
fffffdea
00000ce7
fffff710
ffffee75
ffffe5e4
ffffe378
00000bea
fffff8e6
00001e7c
ffffe651
00000fdc
00001df1
00000976
ffffee5c
00001494
0000158b
ffffe862
00000c44
fffffbb5
000006d6
ffffe5a3
00000290
ffffeda8
ffffeac5
00001e7c
ffffee5e
fffff340
000005dc
ffffe19e
fffff683
fffff1d6
00000dc8
00000e4b
fffff314
00001acd
ffffea19
00001aae
fffff9ac
00000257
000006a7
000015c3
fffff308
fffffcda
00000f45
000003a2
00000261
00001b81
ffffe5e4
ffffed41
ffffea16
ffffe808
ffffeaa0
ffffffb4
fffffc6c
00001483
00001db9
fffffe19
000001e8
ffffe4fe
00000b20
ffffeb6c
000012a9
000000e5
00000f3b
ffffeb6a
0000076e
ffffe383
ffffe905
fffff7eb
ffffee53
ffffed7c
ffffedae
00001dde
000002f3
fffffa66
fffff50a
fffffa0d
fffffa7c
fffff24b
fffff129
ffffe67a
000018f2
00000f92
ffffed28
000000c6
0000080f
00001eec
fffff879
00001bdf
00001615
fffff0f9
ffffe5f3
00001e21
00000caf
000010ab
fffff3dd
00001c6c
fffff969
ffffecbe
00001848
00001c6f
ffffef08
ffffe892
ffffedb8
ffffee2a
00000b3c
ffffe408
ffffe21b
00001925
000000c2
000001cc
00000cdc
ffffecce
000004bf
00000db3
fffff87c
fffff1dc
ffffe58f
ffffee7a
00000962
ffffe28b
00000cfe
000006bb
fffff93e
00000d40
fffff2d4
fffff539
ffffedf5
ffffe136
fffff923
fffff5b1
00001945
000002ee
0000199a
00000fe7
000005f0
00001265
00000def
00000d09
fffff6ff
ffffeb0e
000001a5
fffffd9b
fffff236
ffffff13
00001a9a
00000720
00000dc9
ffffff0b
00001c79
00000354
000018a4
ffffe290
0000193b
fffffb46
00001aae
00001200
00000236
00000d0c
fffff082
ffffecee
fffffdbe
ffffec20
fffffdc1
00001109
000011ca
fffffe07
00000b7b
fffff24d
fffff1eb
fffffb35
00001903
00000ddf
00001783
00000c79
fffff65a
00000a06
ffffe209
000016b3
00000b9a
00000b87
00001367
0000183b
00000d2b
00000b99
ffffe2a6
ffffe2ed
00000c2a
fffffeb8
ffffe233
00001170
00001f23
0000145d
fffff83d
ffffed6c
ffffed3a
ffffe350
ffffebe9
00000d96
0000014f
00000c45
00000e16
ffffe5d8
00000c4d
000017a2
000000da
fffff955
fffff765
000004d5
000017c3
ffffe924
00000f96
00000a3b
00001e78
00000c25
00000c32
fffffd20
ffffe6e3
0000019b
ffffefc3
000005dc
ffffe828
00000b47
000010a9
fffffd2d
00001982
ffffeb00
00000b36
00000cd0
00000ccf
000009e5
00001f38
fffffe72
ffffe441
ffffeab1
ffffffc8
ffffe860
0000017e
00000211
ffffe67b
ffffed1b
00001c8e
ffffe2e0
000000cb
fffff437
00001ced
fffffb2d
ffffe632
000012f4
fffff870
fffffc54
ffffe7cb
ffffefa1
00001afd
ffffef6b
00000462
fffff0a7
000011d7
000011bf
ffffe79f
00001add
fffff47d
0000056d
00000ba3
00000041
00000c52
0000149d
0000100a
0000049d
ffffe96f
ffffe714
00000cd3
00000585
00001843
fffffa49
00001828
fffffdba
00000fc6
fffff692
fffffa68
ffffec35
fffff245
00000cd5
fffff21b
00001e62
fffffa37
ffffe2bd
ffffe465
0000071d
ffffe2a7
fffffd07
00000aed
000007a4
00001ecc
00000bc2
00000b4b
ffffe142
fffff122
0000159f
ffffe9d5
ffffece3
fffff030
000013e1
fffff445
00001893
00001657
00001816
000005fd
00000b9e
fffffedf
00000c7b
ffffebe3
00001efa
fffff5b2
ffffe28b
0000061d
0000157a
00000323
00000769
00001d7c
00001c24
fffff17d
000019f9
00000749
ffffe669
00000187
0000062c
00001b99
fffffc74
ffffeab5
fffff207
ffffe84d
ffffeba0
fffffc8f
ffffe648
00001d7f
ffffe74c
0000083c
fffffe55
fffff76d
ffffef1a
ffffe7d9
ffffec6b
00001ddc
00000fef
00000823
ffffe2f8
ffffe8bc
00001b8b
fffffd41
fffff20d
000006c3
ffffe1a4
fffffa86
ffffeb73
fffff22c
0000044c
00000d77
00001180
fffff71d
fffffde7
00001759
00000dd8
00000495
00001b2c
000016ab
00000455
000017cc
00000bd9
ffffeb0a
00000107
000019ae
ffffe0d6
000006b7
00001224
00001ef8
fffffda7
fffff568
ffffe859
00001c1e
00001092
ffffeac2
ffffe66f
fffff982
0000050a
fffff647
000001ca
00000301
ffffe1bd
fffffea3
00001b13
ffffe285
ffffec50
ffffead9
0000048e
ffffe81f
000015d4
000014a3
fffff64e
0000033d
fffffd2e
000008f9
000007f6
ffffea66
00000b85
000011bc
fffff893
fffff324
00000e44
fffff434
fffff783
00001006
fffff4dc
ffffe211
0000085b
ffffe951
ffffecdb
00001f21
00000e93
00001681
ffffe46f
fffffd55
ffffe14e
00000c59
ffffead9
00001acf
00000a5e
fffff293
000001d3
00001338
fffff967
fffff138
ffffe812
00001460
00001bb3
00000f90
ffffee73
00001080
fffffdc5
ffffe254
ffffedea
00000b6a
fffffdc6
fffff0a7
fffff7c2
ffffed17
fffff64f
0000042b
fffffd7d
fffffa0c
ffffe7b2
00000c0e
ffffede0
00000ee5
ffffe76d
ffffe793
ffffed13
00000d99
00000110
ffffe81b
fffff2dd
00001881
00001d8c
00001158
ffffebb1
000012ce
000003fd
000016fe
00001aec
ffffed56
00000a59
000012c4
ffffee1e
000015bc
00001eec
000012d4
ffffea2f
00000fbb
00000282
00001825
000018a0
fffff959
0000014e
00001a46
00001ca6
fffff691
000011c5
00000eb5
0000080a
ffffe8ae
000005e6
ffffe1d5
00001599
00000191
fffff1d4
ffffeafc
fffff29e
000007b3
ffffed5a
ffffe3cd
00001092
fffff310
ffffe9b8
0000012d
00001b92
00001134
ffffef8a
00000edb
fffffc45
00001a1f
0000105d
00001845
ffffeaab
ffffe840
fffff053
ffffee8b
fffffa64
00000773
0000160c
fffff061
fffff1da
0000155b
00000e93
ffffe7bd
00001081
00001714
00001060
fffff4c1
ffffe37f
00001134
ffffff60
00000167
fffff49a
000019ec
fffff1c7
00000427
0000138c
000007af
00000553
ffffe4f5
ffffedf5
00001dbf
00000d9b
000018d1
00000dd1
ffffe9a1
00001b35
00001b06
00001e33
00001540
fffffff9
ffffeed9
00001938
00001b9a
000013c5
ffffef45
0000126c
fffffdfe
ffffe8c5
fffff9b7
0000003e
ffffff84
00000366
000019a4
00001313
ffffe511
fffff5d0
ffffeb79
fffff2a5
ffffeb08
ffffedda
fffff947
00000b8b
0000163a
00000311
ffffeed2
000012d7
ffffee89
ffffe4c6
ffffff7a
00001c2a
00001cb1
0000055a
00000492
ffffea1d
00000dea
00001bcd
00001422
00001d9f
fffffaec
00000c35
fffff993
ffffe4e4
fffffad8
000012b0
ffffea72
0000126a
00000170
fffffa61
ffffe2a7
000008f4
ffffe23b
fffff055
00000f40
00000609
000009a4
00001c96
fffffe1d
00000684
fffff224
00000b75
fffff687
ffffe882
0000116f
00000c9c
ffffeb87
fffffae6
000017aa
00000cac
0000036a
fffffe9d
fffff2da
000015b5
ffffe1f5
00001bc4
00001daa
000014d4
00000f4e
fffffc25
00000228
00001a98
fffff6e1
ffffef08
0000074c
ffffe650
fffff619
0000185c
000015e3
fffffd55
00000ac7
fffffe05
00000b08
000007ca
ffffe7a2
ffffe118
00001940
00000e91
ffffe1f4
00001a01
ffffe689
00001a8f
fffffbca
0000116e
fffffdbf
ffffe975
00000d99
ffffec71
000006f5
0000183e
fffff0b7
000015a9
ffffe809
ffffe94b
ffffefcf
fffffd39
00001104
fffff402
0000056c
fffff62d
ffffea55
00001090
fffff450
ffffe545
00000c3c
00001daa
fffff14e
fffffc15
ffffe5b1
fffffbae
00000a2c
000009ee
fffffc43
00001c1e
fffff0c7
ffffff05
000001e8
00000df9
000011a6
00000a39
ffffe6ab
00001928
fffffc35
000012e7
00000b20
0000025f
000007a9
00000829
000017c5
00001057
00001969
00001d9e
00001a40
0000073d
0000194c
ffffe426
0000029b
ffffec9a
00000ed1
ffffe845
ffffed1a
0000178a
ffffecd6
00001a14
fffff43a
fffff168
fffffc43
ffffe89d
ffffef09
000018cd
000006b3
0000041d
00000b01
00001a34
fffff79e
000004a0
00001252
00000898
ffffeb68
00000a0a
00000a02
00001c2b
ffffe2ec
fffffaa2
fffff4f9
00000259
ffffe9f8
fffffb76
000006da
fffff834
00000651
00000b10
00001556
ffffe99b
00001c82
00001daa
0000135d
000004f0
000003a5
000006b4
fffff494
00000066
00000fac
ffffe37a
fffffc9c
fffff3df
000005a6
ffffe9f4
00000e7f
fffff02c
ffffeafa
ffffee14
00000167
fffff036
ffffe0c0
000014b6
fffffa84
fffff256
00001220
000015ff
fffff1c0
ffffe844
fffff9dd
ffffea35
00000bc9
00000d10
ffffea4c
ffffeb81
ffffe0d4
00001316
fffffbc8
ffffe4ce
00001bd9
00001b39
00000e20
fffff581
ffffef35
000009dc
fffff3cc
fffff5cd
000009b0
00000529
fffff7ef
00000f17
ffffff61
ffffe857
fffff395
000011b5
000013be
ffffff03
00000b08
fffffc10
ffffe9c2
0000170a
ffffe155
00001ab8
000006cf
ffffeb38
00000884
00000e07
00000b2d
00001d82
fffffe02
ffffed00
ffffe6ec
000019e5
000001a5
0000141b
0000169d
00001942
fffff363
000009cd
fffff398
ffffea03
ffffe754
fffffa27
ffffe73d
fffffd31
fffffafa
ffffffad
00001bd6
ffffe23e
ffffed65
ffffe461
00001d13
00001a94
00000ffe
ffffe1bf
ffffeaae
ffffeb18
fffff5be
000013fa
ffffe6df
000011f7
fffff5b5
fffffb9b
ffffe8a3
ffffe35a
ffffe2ec
fffff874
ffffeb7f
0000056c
0000015e
ffffe5b3
00001d26
000012f3
00001efc
00000747
000014e7
00000f72
0000109a
00001db5
000001a9
fffffa36
00001dec
00000685
ffffe1a3
ffffe927
000007c8
00001953
000007c6
000008ff
000005d6
00000907
ffffffad
fffff4f0
00001bed
ffffe73f
00001dfa
fffff639
fffffc50
000002f0
fffffd1a
0000141c
00001526
000008f9
00000e81
ffffef44
fffff1f8
ffffeb64
0000114d
ffffeefd
ffffee08
0000042e
000005bc
ffffea17
00001cbb
fffffc1f
00001528
00001435
00001308
ffffebce
00000267
fffffb62
ffffe8a2
fffff620
000002fa
00001389
fffff871
fffffb86
fffff8db
fffff3dc
fffffe85
ffffeab7
00000294
0000111d
fffffcaa
ffffffe1
000001c2
fffff762
00000fce
0000107a
00001cb3
00001a72
fffffbf6
00001b98
ffffe272
ffffe46a
00000804
0000147d
00001294
000001af
00001ed1
fffffd4a
00001646
00000cdb
ffffe6de
000010c9
00001706
00001173
00000cc0
0000013e
fffff16f
fffffca7
00001b38
ffffe83a
00001070
00000353
00000f15
fffffa6b
000018b3
00001016
000012a5
fffff68a
00000f79
000014f5
fffff69c
00001e94
0000193a
fffffa6d
000004c1
fffffcac
00001965
fffffad8
0000199b
ffffe915
00001b17
000016eb
ffffef26
ffffeb28
00001c86
fffffc25
000007c3
fffff5b1
fffffb72
00000e26
00000da0
fffffc77
00000120
ffffed64
ffffeb2f
fffff0ea
fffffaf6
fffff981
0000026d
fffff6df
